{
  "obstacles": {"coords": [
    [],
    [],
    []
  ]},
  "destinations": {"coords": [
    [],
    [],
    []
  ]},
  "params": {
    "pr": 0.2,
    "scaling": "linear",
    "ko": 1000,
    "kr": 50,
    "speed": 0.5,
    "rb": 2.5,
    "perim_coord": false,
    "ob": 10,
    "pc": 9,
    "exp_rate": 0.20000000298023224,
    "stability_factor": 0,
    "kc": 0.15,
    "kd": 50,
    "kg": 25,
    "cb": 4
  },
  "agents": {"coords": [
    [
      14.10188412467449,
      3.873791455535904,
      10.371848873418491,
      7.800688713786354,
      -13.915914011892664,
      15.410457630994541,
      -6.553121120135987,
      -15.284197054140254,
      3.34530445542319,
      -3.2312405287091623,
      -6.314838077492062,
      -11.831414970386883,
      -5.517344329613732,
      -3.27881934395548,
      6.126671011580839,
      -7.799401177302095,
      -0.37162697740703254,
      15.290246037827206,
      -17.230078597859706,
      -12.109912156616021,
      16.378907640826156,
      -21.529438636517842,
      8.064339532952776,
      -8.042091836743651,
      15.319991027206829,
      5.185660827330254,
      2.1256485962076908,
      15.097687912772336,
      -12.962426780367187,
      -15.96111546935931,
      4.755219121687565,
      -0.35459044894918423,
      5.973060462114089,
      -4.6544297398476635,
      -18.571516752183904,
      8.461367850320016,
      -3.5373099857957233,
      2.136235267271856,
      10.092588299634944,
      -12.451448559988968,
      6.074526331586829,
      17.881890275919574,
      -20.937796973796086,
      0.2358028247842966,
      -12.417407329071805,
      13.004492132063275,
      17.305533177102618,
      -18.119629945115225,
      -2.551797749511195,
      -15.39591902122368,
      20.203985377657194,
      -10.930974216003099,
      10.765372873613849,
      13.74048336662384,
      20.883968797056536,
      -12.779160028134434,
      11.547568405672315,
      1.4261396192740428,
      -19.179754384514876,
      12.578086066613613,
      -11.421306235707885,
      4.4750993203860165,
      18.333482661772265,
      3.882056753467611,
      5.027717321752605,
      -1.2883878609919273,
      -17.98350640894576,
      -4.199689213447334,
      -6.243680632962567,
      -3.522413369921625,
      18.981087639427262,
      -17.304734522589282,
      -10.598797129541252,
      -8.193398319880384,
      9.292034732553798,
      7.531946167952595,
      7.49465806093753,
      -6.455965414751608,
      16.431324276910157,
      -12.030172279706015,
      -5.5337408357111295,
      14.746752018985383,
      -14.111777428330452,
      -11.543261445784767,
      17.614963005545775,
      21.571123842898576,
      -13.66796361597057,
      16.546046604217786,
      10.21017154724109,
      8.098978662679917,
      8.55262096253918,
      -9.783264566965604,
      -10.257616912156532,
      -9.505175123763578,
      10.549102615182568,
      -0.752949479577886,
      21.55740066201131,
      12.420391669769922,
      3.6173210909416675,
      -13.116509220947052,
      -14.94306617669811,
      3.0632981750212345,
      -9.196537443146067,
      8.19124596905226,
      16.12046831469716,
      18.3248909990579,
      -19.29994364054379,
      -13.987948470577916,
      5.63645464999261,
      14.896303159778043,
      -11.233986871359358,
      -16.100916901387958,
      11.607034402322979,
      17.57223950968139,
      16.175422238560625,
      -14.632668000986547,
      -16.269299734645077,
      1.2531533508332373,
      -8.914785432628298,
      -15.582850311060767,
      -6.851017363031823,
      9.183712216747413,
      -13.552553078551645,
      -1.8479217940202175,
      -2.607631027424789,
      -8.94142160459932,
      -18.724978774407013,
      10.029115600765493,
      22.561983414712543,
      -17.364453701520304,
      13.013753483104766,
      6.54627833169617,
      -18.50741187500444,
      -14.622955439893865,
      19.626881654755984,
      -6.987261280570976,
      -9.802639814399658,
      2.7889360653877158,
      12.481333804771078,
      18.856335742222697,
      -8.956278369766416,
      -4.7934436127741815,
      -8.942590145068745,
      12.225706562412226,
      -7.024412913571519,
      -9.557081657354086,
      -10.581879249308573,
      4.255618468904263,
      9.365017484890313,
      18.383672574363562,
      9.16736326828753,
      19.59638345815967,
      14.394711407921738,
      -7.706364903439783,
      9.934280650018287,
      -2.3075551955622395,
      -22.756977399863008,
      -8.943766345798542,
      -1.871710352468559,
      -19.918816015110988,
      -2.995863697007234,
      9.23845611240544,
      11.462566752125245,
      -1.6210147300341913,
      17.15392551130599,
      -8.704969657524463,
      11.379640492254866,
      10.903617943464651,
      -1.0482155241248652,
      6.083640557358084,
      -5.094940841049985,
      -5.391853642047182,
      0.21635170405720763,
      16.18051760437541,
      -15.925857505141332,
      13.740420825929768,
      -4.166713058754203,
      6.870039814759053,
      14.470393744315713,
      1.0588566973469495,
      1.5384970632397976,
      23.41499611186634,
      -21.664474198636135,
      8.990732797015307,
      11.583840194571048,
      4.285198105276854,
      -20.297242097589987,
      -14.278596010522497,
      1.7979995912704243,
      -21.687067025725902,
      13.0446364377128,
      0.49877221544873307,
      -17.19769381719775,
      -17.433986831309348,
      -10.037187882776434,
      13.60874893561381,
      12.003660575496781,
      -13.614457956221024,
      -16.905317408925505,
      11.73952036798064
    ],
    [
      -18.094873833130418,
      -21.405800084933606,
      18.63985622641691,
      -15.177145169391455,
      -17.82429288098807,
      -2.805479690006552,
      -7.053310188912251,
      -7.921615811263326,
      19.55591439927936,
      -18.154021830037756,
      21.834287500821027,
      0.0365188365845357,
      10.987791359720758,
      -10.985252346720037,
      -21.1264114541562,
      -9.725632698312081,
      -17.63471573985369,
      -15.348098316838598,
      14.535181276088018,
      3.84019382145846,
      2.7407855248384867,
      -3.2616039375843386,
      7.942822266573201,
      -16.607186495243532,
      10.25452184912871,
      17.212601922359195,
      -17.252569589607962,
      7.625763132836081,
      -2.8132601203202627,
      2.1153287980036275,
      -19.168519823381477,
      13.203770100830962,
      9.849811013575904,
      13.75249249459044,
      -10.95772641626159,
      -12.653177442104857,
      22.35742262747374,
      -9.393719907133924,
      16.21753573126883,
      -7.441421341886745,
      -10.575391327775302,
      -1.6506371304280443,
      9.048456754124478,
      18.483465760708903,
      13.841943258234846,
      -13.685552268224049,
      -4.598564080711352,
      9.487540350417873,
      -8.493132617065209,
      -15.235843083590199,
      -3.748360448632267,
      9.361925848113913,
      -14.425888263615324,
      2.035389967232474,
      -0.8494938156035232,
      -14.940654013637168,
      -8.594357493586472,
      -20.00323139333518,
      1.8333645823871463,
      6.604146008932061,
      6.517575471306921,
      14.819274030836562,
      1.2837692614550409,
      21.700909970396477,
      -16.45171907038189,
      -19.796800368849574,
      -8.362759845649068,
      19.526103812926962,
      -11.882809399526582,
      9.368620812737213,
      3.8969207170439892,
      4.47291106937308,
      -10.319834681477195,
      20.243120263059122,
      -16.919516942787684,
      -7.815723078556401,
      15.244141483339018,
      8.137549054044591,
      12.687924530320075,
      16.614758720812702,
      -18.869046671902638,
      15.094547487072344,
      -5.351647789930341,
      -11.946623537363605,
      7.9591203148273735,
      -5.212018441106253,
      8.265378153893236,
      -7.365716189256814,
      -1.7354949965191186,
