{
  "obstacles": {"coords": [
    [],
    [],
    []
  ]},
  "destinations": {"coords": [
    [],
    [],
    []
  ]},
  "params": {
    "pr": 0.10000000149011612,
    "scaling": "linear",
    "ko": 1000,
    "kr": 50,
    "speed": 0.05000000074505806,
    "rb": 2,
    "perim_coord": false,
    "ob": 4,
    "pc": 20,
    "exp_rate": 0.20000000298023224,
    "stability_factor": 0,
    "kc": 0.15000000596046448,
    "kd": 4,
    "cb": 3
  },
  "agents": {"coords": [
    [
      4.446799278259277,
      -0.844414472579956,
      7.18623685836792,
      12.05513858795166,
      -5.834200859069824,
      -5.834200859069824,
      6.282532691955566,
      -4.7434821128845215,
      -6.72627067565918,
      -2.6986513137817383,
      1.0817067623138428,
      10.952742576599121,
      7.688295841217041,
      -2.2027790546417236,
      3.7157979011535645,
      -2.831895351409912,
      7.18623685836792,
      -4.132538318634033,
      7.645880222320557,
      -4.132538318634033,
      6.93257474899292,
      -2.855449914932251,
      2.9940505027770996,
      0.3834622800350189,
      1.103827953338623,
      -4.105932235717773,
      -4.105932235717773,
      -5.501018524169922,
      -7.852757453918457,
      6.795582294464111,
      -4.105932235717773,
      5.0455803871154785,
      0.7057866454124451,
      8.684965133666992,
      -5.572337627410889,
      -2.238922357559204,
      5.709136962890625,
      9.018912315368652,
      -0.7485594153404236,
      -6.89498233795166,
      9.675777435302734,
      -0.844414472579956,
      0.857082188129425,
      0.3834622800350189,
      -8.653854370117188,
      -1.5138317346572876,
      -2.0024359226226807,
      1.0817067623138428,
      -2.6986513137817383,
      -2.855449914932251,
      0.7057866454124451,
      2.6203362941741943,
      7.645880222320557,
      4.446799278259277,
      4.1102752685546875,
      6.510132312774658,
      -2.2027790546417236,
      -0.1253821849822998,
      -0.1913018673658371,
      6.93257474899292,
      -0.7078272700309753,
      -0.8250839114189148,
      -2.831895351409912,
      3.040191888809204,
      -6.070019245147705,
      -7.447055339813232,
      2.2325258255004883,
      -6.160516262054443,
      -3.4757885932922363,
      6.93257474899292,
      -1.0168999433517456,
      2.6203362941741943,
      10.765613555908203,
      -0.1253821849822998,
      -1.5616765022277832,
      -6.709108829498291,
      6.282532691955566,
      -4.7434821128845215,
      -4.827268123626709,
      -4.132538318634033,
      -3.4790022373199463,
      -8.653854370117188,
      -6.070019245147705,
      -5.437662601470947,
      -2.831895351409912,
      4.376091957092285,
      8.960661888122559,
      5.709136962890625,
      -6.709108829498291,
      11.127179145812988,
      -3.0277597904205322,
      8.452546119689941,
      9.176204681396484,
      3.241205930709839,
      3.7157979011535645,
      4.446799278259277,
      -6.72627067565918,
      -6.72627067565918,
      9.957683563232422,
      10.575356483459473,
      -4.7897725105285645,
      6.159672260284424,
      -6.709108829498291,
      -7.852757453918457,
      -3.2476634979248047,
      -7.447055339813232,
      4.1102752685546875,
      -1.5125356912612915,
      2.3995375633239746,
      -3.4757885932922363,
      -2.855449914932251,
      -4.691217422485352,
      -2.238922357559204,
      6.34372091293335,
      -0.1913018673658371,
      3.7146389484405518,
      10.374438285827637,
      0.7057866454124451,
      -5.572337627410889,
      -0.9938286542892456,
      8.229670524597168,
      7.645880222320557,
      10.374438285827637,
      7.926915645599365,
      -2.831895351409912,
      0.3834622800350189,
      6.93257474899292,
      -5.501018524169922,
      11.680132865905762,
      1.2278308868408203,
      -0.1253821849822998,
      6.34372091293335,
      12.386763572692871,
      -7.552716255187988,
      5.678589344024658,
      -5.572337627410889,
      10.191461563110352,
      5.977707862854004,
      -0.1253821849822998,
      -5.572337627410889,
      7.1729230880737305,
      1.7624047994613647,
      -2.238922357559204,
      3.7157979011535645,
      2.3995375633239746,
      7.1729230880737305,
      -5.437662601470947,
      4.770064830780029,
      10.341741561889648,
      5.1435136795043945,
      1.7782856225967407,
      8.710206985473633,
      8.43488597869873
    ],
    [
      6.6334733963012695,
      -5.836963176727295,
      10.605260848999023,
      7.051449775695801,
      5.5625996589660645,
      5.5625996589660645,
      -6.125654697418213,
      7.182656764984131,
      3.7234740257263184,
      6.862399101257324,
      -5.359506607055664,
      -3.446171283721924,
      -7.586547374725342,
      -4.2845611572265625,
      -3.055605411529541,
      -0.9192966222763062,
      10.605260848999023,
      -4.748971462249756,
      -2.118380308151245,
      -4.748971462249756,
      -4.038283348083496,
      -6.237845420837402,
      5.270589828491211,
      -7.39498233795166,
      6.027559280395508,
      0.7163391709327698,
      0.7163391709327698,
      -3.207818031311035,
      5.803246021270752,
      4.880779266357422,
      0.7163391709327698,
      -4.6185407638549805,
      8.04323673248291,
      9.259723663330078,
      2.0235328674316406,
      10.360919952392578,
      -2.4832968711853027,
      11.206238746643066,
      6.687106609344482,
      -1.7935212850570679,
      -1.8399498462677002,
      -5.836963176727295,
      4.078994274139404,
      -7.39498233795166,
      3.993990898132324,
      -7.834949016571045,
      0.896429717540741,
      -5.359506607055664,
      6.862399101257324,
      -6.237845420837402,
      8.04323673248291,
      7.395655155181885,
      -2.118380308151245,
      6.6334733963012695,
      8.705580711364746,
      6.884387969970703,
      -4.2845611572265625,
      9.921149253845215,
      -3.8687057495117188,
      -4.038283348083496,
      -0.5588163733482361,
      11.731290817260742,
      -0.9192966222763062,
      -5.009393215179443,
      -5.214328289031982,
      -3.6553244590759277,
      9.390207290649414,
      0.14565587043762207,
      -2.8090312480926514,
      -4.038283348083496,
      4.684714317321777,
      7.395655155181885,
      5.5472092628479,
      9.921149253845215,
      -2.359612226486206,
      7.507789611816406,
      -6.125654697418213,
      7.182656764984131,
      -1.3059632778167725,
      -4.748971462249756,
      8.70448112487793,
      3.993990898132324,
      -5.214328289031982,
      9.016280174255371,
      -0.9192966222763062,
      -6.573349952697754,
      -3.7034144401550293,
      -2.4832968711853027,
      7.507789611816406,
      2.0047686100006104,
      4.8610711097717285,
      -0.3242737054824829,
      1.6528754234313965,
      11.037178039550781,
      -3.055605411529541,
      6.6334733963012695,
      3.7234740257263184,
      3.7234740257263184,
      3.586324691772461,
      9.980756759643555,
      -6.679031848907471,
      8.830395698547363,
      7.507789611816406,
      5.803246021270752,
      2.521575927734375,
      -3.6553244590759277,
      8.705580711364746,
      8.440503120422363,
      -6.943177223205566,
      -2.8090312480926514,
      -6.237845420837402,
      3.8762335777282715,
      10.360919952392578,
      -0.6201746463775635,
      -3.8687057495117188,
      -8.489799499511719,
      0.07767295837402344,
      8.04323673248291,
      2.0235328674316406,
      2.7036526203155518,
      -5.619191646575928,
      -2.118380308151245,
      0.07767295837402344,
      3.267930030822754,
      -0.9192966222763062,
      -7.39498233795166,
      -4.038283348083496,
      -3.207818031311035,
      -1.5122531652450562,
      11.368295669555664,
      9.921149253845215,
      -0.6201746463775635,
      0.3880825936794281,
      1.951833963394165,
      -8.045628547668457,
      2.0235328674316406,
      -5.255892276763916,
      2.848381996154785,
