{
  "obstacles": {"coords": [
    [],
    [],
    []
  ]},
  "destinations": {"coords": [
    [],
    [],
    []
  ]},
  "params": {
    "pr": 0.9,
    "pkr": 1.5,
    "scaling": "linear",
    "ko": 1000,
    "kr": 100,
    "speed": 0.5,
    "rb": 12,
    "perim_coord": false,
    "ob": 20,
    "pc": 100,
    "exp_rate": 0.20000000298023224,
    "stability_factor": 0,
    "kc": 0.5,
    "kd": 0,
    "kg": 30,
    "cb": 20
  },
  "agents": {"coords": [
    [
      -28.626571861,
      -8.633611696,
      -23.406754738,
      -1.408181313,
      3.141981162,
      12.951484919,
      21.327396634,
      9.344003637,
      10.532101401,
      0.402760918,
      -0.163707069,
      -11.386198548,
      -14.569567342,
      -1.996966512,
      -11.93463557,
      -14.550508907,
      -22.751618252,
      -23.907129219,
      -27.263830566,
      -35.749359209,
      -31.396650994,
      -19.390299279,
      -8.725639463,
      0.712688531,
      -9.928086083,
      8.663684293,
      2.298389954,
      22.842667633,
      10.934912829,
      20.934351322,
      22.450538279,
      22.148904339,
      -20.321153885,
      -52.663355507,
      -63.594314906,
      -65.509634724,
      -55.628771849,
      -44.134087891,
      -43.696687625,
      -50.027996563,
      -35.708828587,
      -47.131902182,
      -35.112049923,
      -40.323502128,
      -43.658240211,
      -31.881207164,
      -18.942441872,
      -7.12156798,
      4.824822827,
      13.913693133,
      16.457808917,
      25.612456247,
      27.955218029,
      36.73465255,
      39.67817918,
      48.304091942,
      51.936769908,
      59.919688336,
      66.638508772,
      80.038327412,
      96.137920119,
      88.155833118,
      78.089961105,
      67.979253299,
      56.646809722,
      45.447071859,
      34.556950735,
      24.936557358,
      13.266791893,
      22.42091453,
      34.535780783,
      34.078802309,
      47.23033156,
      52.252318518,
      61.935103651,
      73.005841122,
      84.363403288,
      92.382697975,
      100.380817245,
      112.266371387,
      129.097952469,
      -18.948851997,
      -11.953466078,
      0.004311076,
      11.919221571,
      23.257897782,
      33.786648263,
      41.789352627,
      46.941724047,
      62.135188627,
      58.751128508,
      70.497468415,
      80.407470741,
      82.164344007,
      93.698363366,
      105.196910106,
      106.887253554,
      116.556419508,
      120.555450938,
      127.850554839,
      137.466638904,
      140.948526384,
      143.010579931,
      131.469888957,
      120.48759603,
      108.962862291,
      94.551845854,
      100.646968378,
      111.048630932,
      119.938859546,
      130.730483954,
      139.498383872,
      122.150390635,
      -55.647746709,
      -53.247527495,
      -66.211598036,
      -79.574004235,
      -91.315999036,
      -120.899564832,
      -137.805888171,
      -148.857295694,
      -155.507127397,
      -143.589075788,
      -132.379707821,
      -126.388577708,
      -114.844881351,
      -102.913740965,
      -109.318213666,
      -110.683861135,
      -99.793663467,
      -89.648625551,
      -97.879903917,
      -86.997276884,
      -75.175333734,
      -77.775079254,
      -80.104227866,
      -71.396457269,
      -66.780634232,
      -64.213311521,
      -52.55392233,
      -38.776255264,
      -42.408780232,
      -30.798288151,
      -25.197543316,
      -65.972116194,
      -69.496878729,
      -74.092422192,
      -78.414108471,
      -71.927616557,
      -72.773335148,
      -61.391158879,
      -50.073043495,
      -47.77128918,
      -54.412084967,
      -62.326649536,
      -55.461567707,
      -50.652254673,
      -30.026490159,
      -40.454269827,
      -39.001429869,
      -66.098183588,
      -62.588007463
    ],
    [
      -24.351495599,
      -32.048336414,
      -13.664605209,
      -21.263301435,
      -33.903117236,
      -27.095438366,
      -16.79491918,
      -15.623059261,
      -2.929777877,
      3.583024364,
      -8.408178321,
      1.751653052,
      -21.723773046,
      15.264902136,
      -10.064698726,
      13.271485022,
      -1.846580743,
      20.648417596,
      9.234862256,
      18.54858763,
      31.209779416,
      31.62984258,
      37.213894572,
      29.820901669,
      24.329239501,
      20.760999988,
      41.846949544,
      29.204447462,
      9.0678876,
      17.680394733,
      6.137908256,
      -5.313885084,
      -33.026497385,
      -23.356570913,
      -11.833077613,
      0.255228345,
      11.183036215,
      27.094702904,
      9.677574765,
      -0.609419387,
      0.687271307,
      -12.211184475,
      -11.266637709,
      -22.176169734,
      -33.675919491,
      -35.843164306,
      -48.518681216,
      -47.036864142,
      -48.104016317,
      -38.964836745,
      -50.705997741,
      -41.838448908,
      -54.262763782,
      -46.108084241,
      -57.780522123,
      -49.440141302,
      -60.905720046,
      -52.185972236,
      -62.087059501,
      -63.870407968,
      -63.971761659,
      -55.173441435,
      -49.21744055,
      -43.560614525,
      -40.70148173,
      -37.822903645,
      -33.937646311,
      -27.691437836,
      36.796561289,
      44.593490066,
      35.134422094,
      47.423491261,
      40.165161621,
      51.068750251,
      44.393978202,
      48.934563648,
      46.083508462,
      59.682978866,
      50.895998843,
      50.543488389,
      50.523636361,
      43.556529887,
      53.286836264,
      53.612097936,
      55.375417258,
      59.245164021,
      65.014182356,
      56.45803286,
      67.203382477,
      57.790206137,
      69.290852351,
      69.457871806,
      58.54038034,
      70.360569944,
      71.539043094,
      72.650223028,
      60.972620557,
      70.388140923,
      58.918412171,
      68.185587775,
      62.036379498,
      51.252153701,
      40.134749119,
      38.105969745,
      42.264524249,
      39.075436023,
      40.486614731,
      30.826011133,
      26.144471345,
      19.065585116,
      22.354343148,
      29.428344077,
      30.594140387,
      23.240945628,
      35.004787111,
      53.271764903,
      55.606696161,
      57.827553766,
      47.700220535,
      55.625117828,
      51.469066113,
      41.634344449,
      41.250130641,
      45.035084257,
      58.565424037,
      61.17436973,
      60.73612439,
      50.827052829,
      39.197754625,
      34.179999879,
      27.491348569,
      47.761156694,
      42.71262107,
      44.482490299,
      32.774647431,
      19.724748479,
      10.936634668,
      27.877867471,
      39.591182228,
      51.987017522,
      52.373621626,
      40.112413664,
      43.203495427,
      53.66635383,
      -24.187836171,
      -35.963138216,
      -47.264032783,
      -58.223850009,
      -67.338174862,
      -78.642539392,
      -79.29405264,
      -79.689989053,
      -68.493612516,
      -58.754690891,
      -45.714458975,
      -35.968053952,
      -47.515440564,
      -53.181272617,
      -59.062099458,
      -45.300946734,
      -57.020769295,
      -69.137299925
    ],
    [
      0,
      0,
      0,
      0,
      0,
      0,
      0,
      0,
      0,
      0,
      0,
      0,
      0,
      0,
      0,
      0,
      0,
      0,
      0,
      0,
      0,
      0,
      0,
      0,
      0,
      0,
      0,
      0,
      0,
      0,
      0,
      0,
      0,
      0,
      0,
      0,
      0,
      0,
      0,
      0,
      0,
      0,
      0,
      0,
      0,
      0,
      0,
      0,
      0,
      0,
      0,
      0,
      0,
      0,
      0,
      0,
      0,
      0,
      0,
      0,
      0,
      0,
      0,
      0,
      0,
      0,
      0,
      0,
      0,
      0,
      0,
      0,
      0,
      0,
      0,
      0,
      0,
      0,
      0,
      0,
      0,
      0,
      0,
      0,
      0,
      0,
      0,
      0,
      0,
      0,
      0,
      0,
      0,
      0,
      0,
      0,
      0,
      0,
      0,
      0,
