{
  "obstacles": {"coords": [
    [],
    [],
    []
  ]},
  "destinations": {"coords": [
    [
      0,
      0
    ],
    [
      0,
      0
    ],
    [
      0,
      0
    ]
  ]},
  "params": {
    "rgf": true,
    "perim_coord": false,
    "rb": [
      [
        2,
        2
      ],
      [
        2,
        2
      ]
    ],
    "scaling": "linear",
    "exp_rate": 0.20000000298023224,
    "stability_factor": 0,
    "kr": [
      [
        50,
        50
      ],
      [
        50,
        50
      ]
    ],
    "kc": [
      [
        0.15,
        0.15
      ],
      [
        0.15,
        0.15
      ]
    ],
    "kd": 0,
    "kg": 0,
    "speed": 0.05,
    "cb": 3
  },
  "agents": {"coords": [
    [
      0.306541024,
      6.644882182,
      -15.863731084,
      -8.135046759,
      -2.273537523,
      2.450915127,
      15.280677036,
      -7.877143942,
      16.867405406,
      -9.272319611,
      -17.73277708,
      10.403779673,
      -2.93596701,
      5.831229806,
      -1.007072149,
      -10.319814764,
      -1.198136965,
      -12.75244522,
      13.141864496,
      -10.095093823,
      0.018497149,
      -4.396892773,
      7.540290485,
      11.394409127,
      -13.72471076,
      0.011226,
      -8.973695363,
      7.44341641,
      11.035890584,
      -0.076085106,
      11.750894304,
      10.748863948,
      -13.651538386,
      3.943043106,
      -1.604768007,
      4.941070604,
      8.776818217,
      -7.328739591,
      0.956749042,
      -2.557518075,
      14.316831755,
      13.231326293,
      -11.360509704,
      8.169762811,
      2.111601111,
      1.874626552,
      3.974636127,
      -3.787462316,
      -5.915908528,
      12.936563762,
      5.528993236,
      -4.754973216,
      3.023783612,
      -19.040224517,
      4.712876005,
      0.810249351,
      1.129999579,
      -11.804599167,
      5.153975665,
      5.824673999,
      18.293831331,
      3.549361454,
      7.779748956,
      -15.185637123,
      5.068408985,
      -16.5399707,
      10.053554588,
      10.208235229,
      12.655046416,
      -2.42062254,
      -10.673278699,
      8.328282854,
      -9.375269513,
      -15.62270383,
      -6.936508726,
      -6.196340801,
      10.731572676,
      6.17226713,
      5.502567036,
      9.03415132,
      -3.937075891,
      -0.059456609,
      -4.512713515,
      5.769506922,
      -12.690361992,
      0.797725289,
      -8.022006167,
      2.391472874,
      16.218723909,
      11.120327905,
      -7.170309668,
      14.377356311,
      2.619343404,
      12.372159649,
      6.432603337,
      -14.757768315,
      15.237900213,
      -11.355582874,
      8.541857481,
      -12.54191879,
      -7.521087202,
      9.612743828,
      -9.646279883,
      7.121195502,
      -18.585848093,
      -6.317490802,
      12.074659965,
      2.9600903,
      1.502704468,
      6.101369962,
      -8.773107746,
      11.532774769,
      -11.454387792,
      9.429540274,
      17.190831843,
      -1.477542642,
      -14.61331736,
      15.34346124,
      -5.943666616,
      1.171986437,
      -15.50284725,
      -12.220288646,
      -13.327091941,
      11.918910788,
      -15.746589298,
      9.757065198,
      -3.405419567,
      -1.046364884,
      3.926084293,
      7.578030253,
      -7.017838313,
      11.913008046,
      2.808535172,
      -13.188978108,
      -5.201790327,
      -2.335083387,
      -2.790644233,
      2.799903708,
      13.418006024,
      -4.087806111,
      -13.735143617,
      -1.810770105,
      1.506429365,
      -6.323475922,
      12.718118318,
      -14.439554421,
      -4.942951576,
      -8.083322129,
      -2.058873909,
      -17.088919243,
      -6.61733323,
      -0.715325643,
      17.050316269,
      -0.424716049,
      -1.660264755,
      -5.132017907,
      -1.54540909,
      -5.614414751,
      0.556769337,
      -7.919214975,
      -4.170747501,
      6.520750462,
      9.980406601,
      -16.473775876,
      -13.877733808,
      10.301733537,
      9.888942609,
      -14.109093503,
      -2.832536551,
      4.599283056,
      1.398367398,
      -0.59345283,
      16.253636982,
      3.59150241,
      4.762406826,
      8.631423244,
      -12.681256288,
      -13.087405792,
      -12.721561185,
      -11.086706893,
      -6.430376641,
      -7.220407722,
      17.978531304,
      15.140700726,
      3.046616867,
      8.572145237,
      -9.902379983,
      -12.229116234,
      -3.31534787,
      1.232211146,
      -3.997107466,
      7.704492529,
      8.239542511,
      -11.487817322,
      -1.20529986,
      15.053666714,
      -10.044198711,
      -14.130917045,
      15.190565289,
      -15.095648802,
      -16.426812875,
      -15.42963928,
      -8.841380608,
      -18.552038759,
      5.166512147,
      3.190125796,
      -5.166889798,
      4.2038221,
      -0.241170201,
      7.566607235,
      -7.653676617,
      -7.031143785,
      -2.249784111,
      -8.53043781,
      4.84204048,
      -0.478807011,
      3.327643435,
      1.538359065,
      9.354942931,
      6.731114562,
      -14.224407808,
      2.217490368,
      -5.548779701,
      -3.640497986,
      -12.628256354,
      -5.854861915,
      -2.430834574,
      0.200430482,
      3.271886099,
      3.827168681,
      11.591847922,
      2.666277956,
      -10.82967389,
      -1.959190276,
      11.067722139,
      12.400506966,
      16.958483763,
      4.224218254,
      13.577797396,
      -10.544907157,
      -13.438357363,
      -10.069590026,
      -6.285714285714285,
      -19.722171473,
      -10.098987372,
      -9.529701236,
      -3.02312619,
      -18.447341311,
      -3.54737933,
      7.820018823,
      -5.380772234,
      -3.585461431,
      14.002663078,
      14.920485233,
      2.010154866,
      6.616289512,
      -4.457893484,
      -11.23404547,
      -16.63012927,
      -1.072761851,
      9.429261212,
      -8.897531679,
      -15.133211622,
      -12.634054853,
      -4.408278767,
      3.833212211,
      -9.441500115,
      4.554736113,
      -1.927975894,
      -8.234146452,
      5.920073297,
      1.190029378,
      10.546954268,
      9.243701738,
      0.320776272,
      -7.507700379,
      8.387456039,
      -17.589108257,
      -3.202672139,
      -3.219056974,
      2.752172449,
      0.788398602,
      -16.811773574,
      -4.77747857,
      -11.973719979,
      -9.045767194,
      -8.928599842,
      -0.81882151,
      -19.072858761,
      7.455250216,
      15.961166083,
      0.296897177,
      -18.349789091,
      -14.667625755,
      -2.011290223,
      -8.44521691,
      -14.818084657,
      -17.717762664,
      -10.74713239,
      17.306624341,
      4.503534773,
      -6.957940452,
      4.984440975,
      5.909642304,
      13.514667539,
      -17.124603986,
      3.855725705,
      -16.111697096,
      -14.88857093,
      -1.118463566,
      -16.429998457,
      -8.326530612244898,
      6.599576517,
      2.670909874,
      -4.382438788,
      11.315826616,
      -10.71882022,
      6.79699845,
      -5.920823039,
      8.972270453,
      -5.14864458,
      -6.976037984,
      -0.371941156,
      0.760837284,
      -12.04520883,
      -17.081884782,
      -12.129925415,
      14.942818916,
      -5.190099298,
      -3.28605297,
      4.532591917,
      13.206635407,
      1.972242455,
      -8.857509987,
      -0.422903675,
      -10.762292939,
      14.680889824,
      -16.122406178,
      -9.209083914,
      -13.253145073,
      1.597680547,
      -11.102688565,
      -10.624306314,
      -5.461937337,
      16.6350863,
      13.247369677,
      -6.733861194,
      -3.013551241,
      1.78958205
    ],
    [
      4.159154618,
      18.227242573,
      1.852046125,
      5.449114953,
      -13.531835435,
      -2.884202035,
      15.178204923,
      2.236698252,
      1.529047191,
      15.566272182,
      1.43292649,
      13.151167559,
      -9.632717306,
      10.616666492,
      -1.662951212,
      -6.83696004,
      16.701202079,
