{
  "obstacles": {"coords": [
    [],
    [],
    []
  ]},
  "destinations": {"coords": [
    [0],
    [0],
    [0]
  ]},
  "params": {
    "rgf": false,
    "perim_coord": false,
    "rb": [
      [
        2,
        2
      ],
      [
        2,
        2
      ]
    ],
    "scaling": "linear",
    "exp_rate": 0.20000000298023224,
    "stability_factor": 0,
    "kr": [
      [
        50,
        50
      ],
      [
        50,
        50
      ]
    ],
    "kc": [
      [
        0.15,
        0.15
      ],
      [
        0.15,
        0.15
      ]
    ],
    "kd": 0,
    "kg": 20,
    "speed": 0.05,
    "cb": 3
  },
  "agents": {"coords": [
    [
      0.898038511,
      13.022627994,
      6.910162115,
      -12.946161241,
      -7.760302817,
      -3.259234932,
      3.410752843,
      12.894331032,
      -7.029599693,
      9.263986726,
      -7.619752285,
      -14.644237219,
      9.21382426,
      -3.744652324,
      8.711405373,
      -0.321349671,
      -9.328848218,
      0.175196147,
      -11.988293272,
      15.67855221,
      -8.582641303,
      -0.927304907,
      -2.709924328,
      7.458601085,
      9.456542577,
      -15.019218501,
      -0.905749033,
      -7.417927074,
      10.243146843,
      9.444267649,
      -0.38883711,
      10.053598374,
      13.386912579,
      -10.847458891,
      5.647821103,
      -1.772647327,
      2.624288144,
      9.712696483,
      -5.246494856,
      2.207201082,
      -1.408409918,
      12.457122246,
      11.095935284,
      -11.716444188,
      8.191610084,
      3.752655355,
      2.025107838,
      3.814652509,
      -4.169912407,
      -5.402988572,
      7.995508282,
      -4.419121232,
      2.769531332,
      -17.281805086,
      6.533923391,
      2.053049201,
      2.899623492,
      -11.248508499,
      6.680502809,
      17.376394282,
      4.00313818,
      5.826873022,
      -14.305924749,
      3.923802679,
      -16.211497693,
      8.426307664,
      18.447560061,
      13.843357238,
      12.166619043,
      12.551479472,
      -0.198621733,
      -10.022881435,
      8.025312163,
      -7.277231692,
      -15.585483043,
      -5.006945173,
      -4.528858957,
      10.648788375,
      9.236912157,
      5.543316154,
      7.485308155,
      -4.745668005,
      2.47769849,
      -3.17322361,
      5.631418697,
      -11.70002553,
      0.920698754,
      -6.293306661,
      2.800536628,
      14.383626419,
      -5.530225159,
      13.492533083,
      2.927509485,
      11.638572485,
      11.742051347,
      8.416021563,
      -14.161821011,
      13.473328151,
      -10.498433549,
      9.464210303,
      -12.298951517,
      -8.075001647,
      10.573574528,
      -9.305083576,
      15.079510518,
      7.962378753,
      -17.340991761,
      -6.14484448,
      3.742729924,
      3.765613494,
      5.706830034,
      -7.482346994,
      11.607845862,
      -11.1414506,
      7.574360089,
      16.184245913,
      -1.848011722,
      -11.435087238,
      14.597561072,
      -5.518664986,
      2.705449082,
      -12.817462077,
      -13.146066213,
      -10.977571723,
      10.067132716,
      -15.466084333,
      8.871191331,
      -3.266192803,
      -0.049308344,
      16.855372601,
      4.639729083,
      6.541854226,
      -5.663472064,
      11.181923668,
      7.231981695,
      -9.17133823,
      -3.985001306,
      -0.831670524,
      -3.684836466,
      3.903549478,
      11.647216396,
      -0.8718625,
      -13.561545873,
      -1.683765896,
      3.182871719,
      -5.145678179,
      10.666740138,
      -14.213636444,
      -4.458021229,
      -6.849510645,
      -0.559755585,
      -16.253845286,
      -7.530831619,
      0.990807879,
      14.993964609,
      0.356671363,
      -1.334716998,
      -4.566636328,
      -2.053252986,
      -4.276227249,
      1.872204693,
      -6.736708091,
      -4.179983474,
      5.276644606,
      8.252966748,
      -15.987553662,
      -11.094677801,
      8.134179091,
      7.732290861,
      -11.327427627,
      -1.489722671,
      5.33612515,
      1.556468793,
      1.461242878,
      15.459762063,
      6.294267177,
      2.940331111,
      9.143320694,
      -13.034449212,
      -12.401318369,
      -11.403644165,
      -9.162012012,
      -4.813180072,
      -6.03006693,
      17.994516637,
      14.428480329,
      1.809749212,
      8.674774759,
      -8.651873177,
      -10.971636109,
      0.098284166,
      1.943763292,
      -4.048431337,
      9.776985383,
      6.580786304,
      -11.103323933,
      -0.445212149,
      13.058474275,
      -8.546018026,
      -12.696622015,
      14.321210913,
      -12.985942415,
      -13.006520478,
      -14.711971161,
      -7.007283958,
      -17.707945861,
      6.160202281,
      4.815745851,
      -3.716956625,
      6.235991684,
      0.997977924,
      7.809891142,
      -7.622092478,
      -6.851599496,
      -2.528293021,
      -6.952499933,
      4.1009433,
      0.260412686,
      4.278955381,
      4.443908179,
      6.432826548,
      -13.732721912,
      1.743541635,
      -3.261615093,
      -2.262753548,
      -11.800074059,
      -5.814496823,
      -1.542072928,
      -0.271297908,
      2.262641561,
      3.579850696,
      9.847040392,
      1.897386341,
      -8.666918879,
      0.574677298,
      10.770631188,
      14.95120662,
      12.446870785,
      16.345963396,
      4.782049886,
      11.863648997,
      -9.796724082,
      -12.891140039,
      -9.654110945,
      -5.661741607,
      -17.944872403,
      -9.768413605,
      -7.962662856,
      -1.028008973,
      -14.576221569,
      -3.277506225,
      6.36048905,
      -5.266151388,
      -2.516696117,
      13.224501588,
      2.365572825,
      3.41228428,
      -2.536533541,
      -9.929106498,
      -15.436570091,
      -0.086311422,
      14.08775961,
      -6.739799189,
      -12.927622992,
      -10.964630325,
      -2.718737833,
      5.274656234,
      -9.250673717,
      4.891461975,
      -2.236999068,
      -6.851829603,
      4.985395294,
      3.337698699,
      9.470822951,
      12.064760944,
      1.087403552,
      -5.214230172,
      6.028679025,
      -16.882420122,
      -1.709470737,
      -1.278861901,
      1.005403883,
      0.476321844,
      -16.727866034,
      -2.697637393,
      -9.955304251,
      -7.506659343,
      -8.456628178,
      15.034443671,
      -0.744839637,
      -16.309819472,
      7.506980083,
      16.693741767,
      1.437971375,
      -17.897447068,
      -13.61250198,
      -2.872758432,
      -8.176016631,
      -13.982911846,
      -17.712210263,
      -8.147407995,
      16.48017938,
      4.775448879,
      -6.38516758,
      6.899167186,
      12.638415658,
      -14.675985867,
      -14.484378635,
      -12.816624101,
      -0.875616175,
      -15.727404345,
      -6.243902801,
      6.734531413,
      4.396710121,
      -2.226836258,
      10.299108101,
      -9.194208738,
      4.622718891,
      -5.046701332,
      11.145316014,
      -4.488876564,
      -5.989766059,
      0.609825165,
      1.352759692,
      -10.486808811,
      -14.799436363,
      -9.529470826,
      16.766003319,
      -3.561048689,
      -2.403414533,
      5.326618501,
      11.371183378,
      0.068595709,
      -9.089900848,
      2.195944766,
      -10.416366966,
      13.641708616,
      -15.79702075,
      -8.851168036,
      -12.472208527,
      4.57872306,
      -10.595474415,
      -9.073545853,
      -3.409619037,
      15.506519757,
      11.192240561,
      -6.258590038,
      -2.654808514,
      0.698910787,
      17.603129513
    ],
    [
      3.17154339,
      -4.152333603,
      17.849063619,
      2.105828792,
      4.337405417,
      -13.324796373,
      -3.192634007,
      14.534360732,
      1.953569847,
      1.516509985,
      15.199131769,
      1.059134498,
      13.575705894,
      -8.947463307,
      9.534383325,
      0.006801046,
      -7.644010093,
      16.453492954,
      11.195303823,
      -8.198622239,
