{
  "obstacles": {"coords": [
    [],
    [],
    []
  ]},
  "destinations": {"coords": [
    [0],
    [0],
    [0]
  ]},
  "params": {
    "cb": 3.0,
        "rb": [
            [
                2.0,
                2.0
            ],
            [
                2.0,
                2.0
            ]
        ],
        "kc": [
            [
                0.15,
                0.15
            ],
            [
                0.15,
                75.0
            ]
        ],
        "kr": [
            [
                50.0,
                10.0
            ],
            [
                50.0,
                50.0
            ]
        ],
        "kd": 0.0,
        "kg": 100.0,
        "scaling": "linear",
        "exp_rate": 0.2,
        "speed": 0.05,
        "stability_factor": 0.0,
        "perim_coord": "false",
        "rgf": "true"
  },
  "agents": {"coords": [
    [
      13.799212963,
      7.124969662,
      -15.986375327,
      -9.09749671,
      -3.381904869,
      15.588739554,
      -9.194978293,
      8.874955463,
      18.686401391,
      -9.081174913,
      -17.43898402,
      11.396350524,
      -2.982875688,
      9.969497763,
      -10.560575582,
      -0.602056584,
      -12.393522314,
      13.905342954,
      -10.213974861,
      0.031786167,
      -4.128003,
      -1.591832458,
      8.500336751,
      11.847916073,
      -14.349192226,
      -0.685090413,
      -8.273315236,
      10.027010321,
      11.638927199,
      2.164854524,
      3.543954959,
      -0.552627006,
      11.75255936,
      1.213709378,
      13.299317751,
      -12.866151788,
      6.962616399,
      -1.483063162,
      4.275662967,
      10.48327056,
      -5.353856504,
      3.95460678,
      -1.096593293,
      14.870188781,
      13.729713812,
      -13.932925019,
      7.782836022,
      4.795867252,
      4.473391302,
      2.912444892,
      -4.501345027,
      -7.75401388,
      11.862061858,
      8.934374508,
      -5.303488904,
      -18.206398567,
      8.041554382,
      1.41689362,
      2.842885794,
      -12.141681661,
      9.298523454,
      7.81780809,
      18.141502082,
      4.319420156,
      8.467839993,
      -15.887456535,
      5.441704141,
      -17.060085824,
      9.710280129,
      17.949198004,
      13.959566484,
      13.53516869,
      14.931639317,
      -1.936553869,
      -9.408211516,
      10.70692151,
      8.276138645,
      -9.226808685,
      -16.175653876,
      -9.871330326,
      11.907358583,
      10.240023156,
      7.628228663,
      9.626643984,
      -4.362515691,
      7.50853157,
      -13.649467553,
      -2.423690823,
      1.901744427,
      -7.817945825,
      3.836494722,
      16.72781031,
      13.780834893,
      -7.116360379,
      14.395485103,
      4.13965503,
      11.351611586,
      12.94466533,
      10.29801019,
      -15.151177198,
      15.812777658,
      -11.839824432,
      9.433038217,
      -13.213748138,
      -7.290369936,
      10.950337388,
      -9.46076286,
      15.151154722,
      17.076625755,
      7.872843885,
      -18.249155611,
      -6.118296331,
      16.971688698,
      3.829176994,
      3.465844754,
      4.839612166,
      -9.156301443,
      12.454232963,
      -13.151943842,
      8.853563991,
      16.619948559,
      -2.062687381,
      -16.239601228,
      15.899332912,
      -6.218586402,
      2.875991283,
      -14.944923463,
      -12.560223155,
      -11.397072355,
      10.649626861,
      -15.852705654,
      10.86709598,
      -8.360979632,
      -0.064503085,
      16.924276939,
      7.144172385,
      6.859462876,
      15.293643586,
      -7.110748506,
      12.383801421,
      6.498207194,
      -11.152161122,
      -6.222355508,
      1.73098693,
      -3.332640207,
      5.283734412,
      13.781243871,
      -3.22367264,
      -15.490067234,
      15.470309105,
      -1.879857609,
      -5.250861542,
      13.406380519,
      -12.869913911,
      -8.076212738,
      -0.910355852,
      -17.519060881,
      -6.837238768,
      0.922210576,
      16.920327014,
      0.506978393,
      -0.989564893,
      -4.96532408,
      -5.393645736,
      0.928394223,
      -8.219399696,
      -7.883359346,
      8.780595923,
      9.788951471,
      -16.749674908,
      -14.432474063,
      8.596724869,
      13.684872892,
      10.379319779,
      -13.098307606,
      5.483401269,
      2.3709514,
      1.062453301,
      16.338389394,
      6.841406312,
      -6.009703938,
      5.447829206,
      9.10999607,
      -14.88304758,
      -13.313856575,
      -14.169882264,
      -10.867142595,
      -6.105338311,
      -7.3854522,
      18.348212208,
      15.885343464,
      3.114666169,
      9.507016457,
      -10.295828987,
      -13.414728411,
      -0.965222529,
      2.282128623,
      10.116033239,
      7.77281544,
      -11.616764834,
      0.636506899,
      14.833685715,
      -9.275702083,
      -15.264744026,
      14.759177603,
      -14.730728631,
      -15.534570915,
      -16.859247445,
      -7.6303616,
      -18.65419581,
      5.927376323,
      4.784638595,
      -4.251823642,
      8.008981899,
      1.899207408,
      9.020460697,
      18.823407334,
      -10.008683772,
      -7.023413333,
      -0.008375186,
      -7.273204724,
      -8.099276374,
      4.862178234,
      -0.390115944,
      -4.412897048,
      5.653988554,
      11.990723843,
      11.802696866,
      7.149021561,
      -14.891350192,
      6.719830404,
      -6.320444846,
      -2.671485774,
      -13.099847552,
      -7.985047013,
      -2.381444186,
      0.96880104,
      3.898560683,
      5.811581665,
      10.741331823,
      18.61523806,
      2.908611609,
      -10.137643718,
      12.960517463,
      17.208538329,
      12.91849481,
      17.815343818,
      5.831115807,
      12.723445901,
      18.58658681,
      -11.283780788,
      -14.936135477,
      -11.257866296,
      -4.945133815,
      -19.276303676,
      -9.233145843,
      -9.597170538,
      -18.877581205,
      -2.558078798,
      5.834638168,
      -6.637611772,
      -4.316229505,
      15.024333436,
      15.406198796,
      5.78511594,
      -4.058007884,
      -12.60751804,
      -17.164742752,
      1.622977319,
      13.605648088,
      -7.780053814,
      -13.907099893,
      -12.47511876,
      -6.602032162,
      6.514240825,
      -10.437727443,
      5.684990388,
      -1.405813183,
      -8.255606363,
      6.629009462,
      11.430597171,
      11.981351771,
      1.528010602,
      -7.550714824,
      7.548057022,
      -17.736942598,
      -3.026943087,
      -1.299791616,
      3.462488362,
      -18.00349532,
      -3.773987819,
      -12.465696525,
      -8.698814012,
      0.373626059,
      -10.852318827,
      15.209796341,
      0.469623853,
      -17.830297823,
      9.975551758,
      16.795751985,
      -18.787131198,
      -15.670841949,
      -2.490275075,
      -8.764825398,
      -14.513726935,
      -19.032673988,
      -10.910130413,
      17.785617868,
      6.752706588,
      10.168411877,
      -5.677892951,
      8.443188792,
      8.425555212,
      13.953024753,
      -17.168831616,
      -3.448081972,
      6.117367401,
      -16.821373792,
      -13.628293042,
      -17.385077895,
      -6.154151481,
      7.606379174,
      5.307254843,
      -3.321386996,
      11.717507472,
      -0.617950968,
      -10.611587036,
      6.55593923,
      -5.309741756,
      11.913729226,
      -4.545074524,
      -9.706350138,
      4.824786242,
      2.607229318,
      -12.051268966,
      -16.085548424,
      -12.233452265,
      15.875762408,
      -5.064025203,
      -3.024581035,
      13.297667773,
      1.1571629,
      -8.961302506,
      0.238626213,
      -11.076428582,
      15.397369801,
      -16.49386836,
      -11.426174241,
      -14.141631688,
      2.286145903,
      -11.591827787,
      -11.164679709,
      -6.343277096,
      17.266585688,
      12.827786865,
      -7.180698964,
      -5.375166317,
      1.275706308,
