{"params": {"cb": 4.0, "rb": 3.0, "ob": 3.0, "kc": 1.0, "kr": 10.0, "kd": 0.0, "ko": 0.0, "scaling": "linear", "exp_rate": 0.2, "speed": 0.05, "stability_factor": 0.0, "pc": 1.0, "pr": 1.0, "perim_coord": false}, "agents": {"coords": [[0.0, 1.2531199310994117, -1.220868856992761, 1.5896394624574368, -2.7929740943100496, 0.9999050830116833, 2.018665540152085], [0.0, -1.750732017635805, -0.3824913537401491, -1.5028856748033934, -0.4151057229117585, -0.9795497781023648, 0.0005388764347031838], [0.0, 0.0, 0.0, 0.0, 0.0, 0.0, 0.0]]}, "destinations": {"coords": [[0.0], [0.0], [0.0]]}, "obstacles": {"coords": [[], [], []]}}