{
  "obstacles": {"coords": [
    [],
    [],
    []
  ]},
  "destinations": {"coords": [
    [],
    [],
    []
  ]},
  "params": {
    "pr": 0.2,
    "scaling": "linear",
    "ko": 1000,
    "kr": 50,
    "speed": 0.05000000074505806,
    "rb": 2,
    "perim_coord": false,
    "ob": 4,
    "pc": 10,
    "exp_rate": 0.20000000298023224,
    "stability_factor": 0,
    "kc": 0.15000000596046448,
    "kd": 0,
    "kg": 20,
    "cb": 3
  },
  "agents": {"coords": [
    [
      -5.1290507316589355,
      5.498342037200928,
      -6.308067321777344,
      3.5800957679748535,
      2.341827154159546,
      -3.985363006591797,
      6.543834209442139,
      4.9133806228637695,
      -1.2288157939910889,
      -3.1612486839294434,
      -0.19352024793624878,
      0.9404593110084534,
      2.5360517501831055,
      1.7921772003173828,
      5.085861682891846,
      4.313567638397217,
      7.557013511657715,
      1.0644348859786987,
      0.5376046895980835,
      -1.873831868171692,
      -2.9389190673828125,
      -6.5207037925720215,
      -10.429916381835938,
      -7.152317523956299,
      -8.065714836120605,
      -6.988748073577881,
      -7.573064804077148,
      -7.3040666580200195,
      -2.1440935134887695,
      1.9110815525054932,
      -0.636637806892395,
      4.927439212799072,
      9.76489543914795,
      8.395413398742676,
      8.838491439819336,
      9.511162757873535,
      5.766484260559082,
      3.799455404281616,
      7.052398204803467,
      6.309427261352539,
      6.883456230163574,
      8.33989143371582,
      6.040446758270264,
      3.8307929039001465,
      2.2357983589172363,
      -5.060667037963867,
      -3.753445863723755,
      -6.522261142730713,
      -8.347081184387207,
      -8.982226371765137,
      -10.6631498336792,
      -8.62932014465332,
      -6.666295528411865,
      -1.1201565265655518,
      -4.512819290161133,
      -4.788143157958984,
      -7.007619380950928,
      -8.720050811767578,
      -10.590482711791992,
      -11.227265357971191,
      -11.891063690185547,
      -8.860575675964355,
      -9.251166343688965,
      -2.521008014678955,
      -0.9876497983932495,
      8.0020170211792,
      5.725183010101318,
      7.658525466918945,
      5.374642372131348,
      1.517187237739563,
      2.4689817428588867,
      -4.066738605499268,
      -5.643890380859375,
      -5.3973708152771,
      6.434802055358887,
      4.146349906921387,
      3.47394061088562,
      -0.013656546361744404,
      0.9678417444229126,
      3.0511839389801025,
      4.408157825469971,
      7.292105674743652,
      9.541341781616211,
      10.25444507598877,
      10.337679862976074,
      8.311399459838867,
      3.0655548572540283,
      -5.096958160400391,
      -8.888282775878906,
      -9.922567367553711,
      -10.330559730529785,
      -10.782670974731445,
      -9.414124488830566,
      -7.918808460235596,
      -6.00128698348999,
      -2.8756508827209473,
      -4.4893574714660645
    ],
    [
      -0.6072866320610046,
      -2.938758611679077,
      1.1572047472000122,
      -2.692376136779785,
      -4.278367519378662,
      -2.291856288909912,
      0.900502622127533,
      -1.0402134656906128,
      -5.685797214508057,
      -4.726224422454834,
      -7.440234184265137,
      -11.234249114990234,
      -9.593526840209961,
      -7.717301845550537,
      -6.424454689025879,
      -4.526642799377441,
      -3.198683500289917,
      -5.817182540893555,
      -9.254307746887207,
      -8.479851722717285,
      -6.804218292236328,
      -2.6141557693481445,
      -4.736486434936523,
      -0.6850666999816895,
      2.2128419876098633,
      5.577105522155762,
      9.54344367980957,
      7.5148186683654785,
      9.53868293762207,
      8.309263229370117,
      10.948872566223145,
      11.057133674621582,
      3.649613618850708,
      0.3270852267742157,
      -1.6823604106903076,
      -3.527268409729004,
      -8.247363090515137,
      -8.061087608337402,
      -6.746683120727539,
      -4.84915828704834,
      -1.0612043142318726,
      2.2936995029449463,
      5.111470699310303,
      7.650421619415283,
      6.363694667816162,
      4.910618305206299,
      8.28427505493164,
      3.4467148780822754,
      4.16487979888916,
      0.3734673857688904,
      -0.6537725329399109,
      -5.734435558319092,
      -6.551352024078369,
      -10.4114351272583,
      -7.970393657684326,
      -6.013040065765381,
      -4.598852157592773,
      -3.680617332458496,
      -2.7909836769104004,
      1.1936126947402954,
      3.2256882190704346,
      6.131306171417236,
      8.144798278808594,
      11.570850372314453,
      12.866194725036621,
      4.447737216949463,
      7.085364818572998,
      6.397717475891113,
      9.112290382385254,
      10.305825233459473,
      13.488105773925781,
      10.243203163146973,
      8.902402877807617,
      6.934391021728516,
      3.1062018871307373,
      5.61631441116333,
      9.614198684692383,
      8.989723205566406,
      12.16442584991455,
      11.60547161102295,
      12.992138862609863,
      8.409603118896484,
      5.686370372772217,
      1.7281943559646606,
      -0.31473585963249207,
      -5.086076259613037,
      -6.13311767578125,
      -4.03473424911499,
      -1.6491869688034058,
      2.7702648639678955,
      4.752753257751465,
      6.789643287658691,
      10.125618934631348,
      11.451139450073242,
      10.9070405960083,
      13.494842529296875,
      12.287177085876465
    ],
    [
      0,
      0,
      0,
      0,
      0,
      0,
      0,
      0,
      0,
      0,
      0,
      0,
      0,
      0,
      0,
      0,
      0,
      0,
      0,
      0,
      0,
      0,
      0,
      0,
      0,
      0,
      0,
      0,
      0,
      0,
      0,
      0,
      0,
      0,
      0,
      0,
      0,
      0,
      0,
      0,
      0,
      0,
      0,
      0,
      0,
      0,
      0,
      0,
      0,
      0,
      0,
      0,
      0,
      0,
      0,
      0,
      0,
      0,
      0,
      0,
      0,
      0,
      0,
      0,
      0,
      0,
      0,
      0,
      0,
      0,
      0,
      0,
      0,
      0,
      0,
      0,
      0,
      0,
      0,
      0,
      0,
      0,
      0,
      0,
      0,
      0,
      0,
      0,
      0,
      0,
      0,
      0,
      0,
      0,
      0,
      0,
      0
    ]
  ]},
  "info": {
    "date": "2021-03-02",
    "by": "PSywarm 0.1.6",
    "time": "09:25:59.089"
  }
}