{
  "obstacles": {"coords": [
    [],
    [],
    []
  ]},
  "destinations": {"coords": [
    [],
    [],
    []
  ]},
  "params": {
    "scaling": "linear",
    "pr": [
      [
        1,
        1
      ],
      [
        1,
        1
      ]
    ],
    "ko": 1000,
    "kr": 50,
    "pkc": [
      [
        1,
        1
      ],
      [
        1,
        1
      ]
    ],
    "speed": 0.05,
    "rb": 2,
    "perim_coord": false,
    "ob": 3,
    "exp_rate": 0.20000000298023224,
    "stability_factor": 0,
    "pkr": [
      [
        1,
        1
      ],
      [
        1,
        1
      ]
    ],
    "kc": 0.15,
    "kd": 10,
    "kg": 50,
    "cb": 3
  },
  "agents": {"coords": [
    [
      1.1055755615234375,
      -3.4639477729797363,
      -2.6647305488586426,
      1.3881940841674805,
      2.115809917449951,
      1.2070775032043457,
      0.41537904739379883,
      -1.1052231788635254,
      2.73386812210083,
      -2.15110445022583,
      -3.5605874061584473,
      3.4753198623657227,
      -2.4818501472473145,
      0.17667722702026367,
      1.3393092155456543,
      -1.540250301361084,
      -3.3298306465148926,
      1.1931023597717285,
      3.2780542373657227,
      -0.44320201873779297,
      3.1778011322021484,
      -3.554866313934326,
      2.4465341567993164,
      1.971872329711914,
      -1.5685462951660156,
      3.6213254928588867,
      2.394228458404541,
      -2.8011670112609863,
      0.8158488273620605,
      2.1466550827026367,
      2.751889228820801,
      3.4668869972229004,
      3.178534507751465,
      -0.7322077751159668,
      0.977806568145752,
      0.034729957580566406,
      -0.7753114700317383,
      -3.292330741882324,
      3.282684803009033,
      2.485023021697998
    ],
    [
      -0.10567617416381836,
      -3.3369174003601074,
      3.6986165046691895,
      3.002655029296875,
      3.717312812805176,
      -3.9044060707092285,
      -3.3107733726501465,
      3.075270175933838,
      -3.4379825592041016,
      1.8988056182861328,
      2.8416051864624023,
      -0.6252579689025879,
      1.2836723327636719,
      -1.9110145568847656,
      1.7387213706970215,
      -1.1880903244018555,
      0.5361104011535645,
      -3.469491958618164,
      -3.130152702331543,
      0.419370174407959,
      -2.590606689453125,
      2.7102346420288086,
      -1.143014907836914,
      -3.7159128189086914,
      -0.6612720489501953,
      3.5094480514526367,
      0.1546158790588379,
      0.8778247833251953,
      2.2024073600769043,
      2.709416389465332,
      -0.11341333389282227,
      -0.13867568969726562,
      3.9561777114868164,
      3.0838704109191895,
      2.788641929626465,
      2.430345058441162,
      -2.6688618659973145,
      0.7988405227661133,
      1.2797932624816895,
      -3.986131191253662
    ],
    [
      0,
      0,
      0,
      0,
      0,
      0,
      0,
      0,
      0,
      0,
      0,
      0,
      0,
      0,
      0,
      0,
      0,
      0,
      0,
      0,
      0,
      0,
      0,
      0,
      0,
      0,
      0,
      0,
      0,
      0,
      0,
      0,
      0,
      0,
      0,
      0,
      0,
      0,
      0,
      0
    ]
  ]},
  "info": {
    "date": "2021-04-26",
    "by": "PSywarm 0.2.0",
    "time": "20:17:31.401"
  }
}