{
  "obstacles": {"coords": [
    [],
    [],
    []
  ]},
  "destinations": {"coords": [
    [0],
    [0],
    [0]
  ]},
  "params": {
    "rgf": true,
    "perim_coord": false,
    "rb": [
      [
        2,
        2
      ],
      [
        2,
        1.8
      ]
    ],
    "scaling": "linear",
    "exp_rate": 0.20000000298023224,
    "stability_factor": 0,
    "kr": [
      [
        50,
        10
      ],
      [
        50,
        50
      ]
    ],
    "kc": [
      [
        0.15,
        0.15
      ],
      [
        0.15,
        75
      ]
    ],
    "kd": 0,
    "kg": 150,
    "speed": 0.05,
    "cb": 3
  },
  "agents": {"coords": [
    [
      0.740475088,
      5.461805726,
      6.327771122,
      -13.504483873,
      -9.991982373,
      -1.955644969,
      3.787250952,
      13.047235926,
      -6.670318176,
      16.401331057,
      -8.563621531,
      -12.175522763,
      11.981682763,
      -2.302765231,
      9.325957662,
      3.441448651,
      -7.099607253,
      -0.041286731,
      -13.692917463,
      11.475183167,
      -7.652837597,
      -1.117033535,
      -3.480480045,
      -0.458681751,
      8.430501056,
      9.078922431,
      -16.143575203,
      -2.341371741,
      -8.099435125,
      13.077977672,
      10.908067708,
      2.273423665,
      4.150107467,
      1.428635275,
      1.123907598,
      7.056806349,
      0.3685803,
      12.531093213,
      2.703151305,
      -8.873899671,
      14.398938066,
      -0.953636303,
      4.014392447,
      10.374287893,
      -4.959354867,
      -1.842418113,
      11.526803781,
      9.121449331,
      -12.406621776,
      5.90284085,
      2.320291241,
      2.694385145,
      3.500578304,
      -4.678779348,
      -5.914422554,
      6.868237874,
      -3.831885882,
      5.800376882,
      -15.751407167,
      7.202730648,
      2.036745182,
      1.749260576,
      -12.43928078,
      8.009971582,
      15.822917315,
      5.365374759,
      4.483478614,
      -12.246435896,
      4.800260944,
      -13.190317139,
      6.709863904,
      11.643750335,
      13.699017102,
      11.421063782,
      7.364540897,
      -1.269742228,
      -9.015761807,
      -5.396136649,
      -7.144040164,
      -10.310797412,
      -6.378024344,
      -8.631992415,
      11.201830748,
      6.624584381,
      8.247716097,
      -2.833545371,
      3.62718804,
      4.057338054,
      -4.23958894,
      -11.037263249,
      -2.231743922,
      1.3393931,
      -9.546838553,
      0.956696516,
      13.907258363,
      -4.687186787,
      14.261404926,
      4.555011592,
      12.106830445,
      12.479375075,
      9.053213792,
      -16.079219933,
      10.335471098,
      -9.692674506,
      8.252664512,
      -10.145250368,
      -9.489464016,
      13.134952564,
      -15.489209887,
      13.264176135,
      16.323141789,
      7.301427133,
      -14.94610348,
      -7.413748795,
      13.919911627,
      3.56133193,
      1.745668414,
      3.58385223,
      -7.547529082,
      12.137056523,
      -10.062288917,
      2.210358949,
      8.72176053,
      15.991556071,
      -0.675997231,
      -1.205617204,
      -9.645997654,
      14.679760896,
      -5.672729197,
      1.815577054,
      -10.909847155,
      -9.51872327,
      -12.701083283,
      8.121269205,
      -16.074164012,
      7.754121679,
      -7.384342285,
      -0.348431271,
      11.196626381,
      4.051609695,
      -6.903821806,
      10.089642816,
      -8.451104878,
      -3.146138097,
      1.532073735,
      -3.390352564,
      0.45817087,
      -1.945843029,
      8.955287915,
      -3.644163873,
      -13.116917601,
      14.705286626,
      -2.285189411,
      -5.044894601,
      10.153124856,
      -14.164234372,
      -6.156129069,
      -5.993700716,
      0.107849912,
      -12.76253223,
      -4.194814765,
      -0.04407612,
      9.964852907,
      0.435364627,
      -0.20053113,
      -1.940572636,
      -3.975069997,
      -3.011181889,
      0.619802006,
      -6.475322715,
      -7.30782897,
      4.900618039,
      5.416309527,
      -11.46938584,
      -7.819990838,
      6.303646886,
      6.20523913,
      -11.311221692,
      0.366844201,
      6.410797417,
      2.189776885,
      2.732778223,
      15.696979234,
      15.010936504,
      -4.823647611,
      3.254223945,
      7.385391885,
      -9.837751404,
      -13.423298332,
      -11.389370202,
      -7.515757168,
      -5.55803702,
      -5.182824689,
      16.221245249,
      13.288858408,
      2.923435498,
      9.599979208,
      -7.892131113,
      -10.077473216,
      -1.164145129,
      2.67227458,
      -4.192895672,
      13.616454146,
      5.293493566,
      -15.891344794,
      -0.167736843,
      10.891128204,
      -8.33156955,
      -11.706764228,
      13.921588929,
      -11.818583461,
      -10.900143132,
      1.774253048,
      -10.658449279,
      -7.535578983,
      -14.082266278,
      5.436912523,
      2.715139477,
      -3.374070836,
      -5.200816112,
      1.913435186,
      11.437573923,
      -11.437232034,
      -4.362640745,
      -1.489979768,
      -5.65008973,
      -6.562435556,
      3.748642481,
      0.818118756,
      -3.017157102,
      6.198856117,
      9.627054011,
      8.458482056,
      -14.457081373,
      6.632503905,
      -4.810375574,
      -0.428433954,
      -14.943447574,
      -10.618366422,
      -0.092107558,
      0.621345844,
      5.225532276,
      4.684277086,
      -4.497197179,
      -3.053807575,
      8.151848538,
      15.794202531,
      2.672163663,
      -10.650611391,
      -0.380025124,
      9.961918273,
      16.189187394,
      12.575789175,
      9.506883904,
      5.111135098,
      8.470575761,
      15.191123848,
      -0.34061242,
      -10.320297857,
      -15.100271489,
      -11.21540572,
      -2.944977768,
      -14.606774372,
      -12.491902607,
      -8.634854953,
      -1.214930917,
      -16.235329166,
      -2.675585495,
      4.503904352,
      -3.491668314,
      -2.928296903,
      15.02901756,
      -1.25993222,
      13.344194966,
      5.40581029,
      5.946846963,
      -3.383886863,
      -10.668426774,
      -13.440941481,
      1.982740201,
      12.647666379,
      -7.127529873,
      -15.977215371,
      -8.027081363,
      -6.175339754,
      5.557601478,
      -7.638176509,
      -1.272230337,
      -8.765959958,
      3.62150832,
      3.809993299,
      10.788316728,
      11.813878625,
      1.765540308,
      -6.807706762,
      7.584283978,
      -16.248335524,
      -3.635586968,
      -1.071167672,
      -0.050457454,
      0.677454479,
      -15.449527094,
      -1.878703358,
      -9.010538711,
      -6.087758938,
      1.55423858,
      -8.945801014,
      10.406565656,
      0.839053552,
      -13.114158803,
      7.745976093,
      16.288849533,
      4.698626491,
      -16.199432037,
      -12.936108322,
      -1.849798465,
      -6.374144231,
      -13.79741662,
      -14.80934209,
      -10.256047466,
      15.381095853,
      3.119858648,
      -5.131280716,
      7.41985187,
      10.398671653,
      15.088999254,
      -16.221874125,
      -3.946768094,
      -11.566730653,
      -14.335669849,
      3.019353737,
      -1.473219094,
      -15.071877142,
      -5.143324377,
      9.055900344,
      3.675464166,
      -3.968498079,
      10.2803169,
      -2.316847645,
      -9.41445437,
      6.469255319,
      -5.636895598,
      -3.04996042,
      -9.346596922,
      4.798960518,
      0.788375287,
      -11.89238268,
      -14.490530628,
      -8.403030835,
      12.208691086,
      -4.613245002,
      -1.053404238,
      8.513856189,
      12.048331905,
      1.751757864,
      -6.488973098,
      0.998341487,
      -5.826523437,
      13.560636812,
      -11.638467484,
      -8.275993739,
      -13.959467563,
      4.470608975,
      -12.47009164,
      -9.214379161,
      -2.064696334,
      -3.800065482,
      14.370883412,
      9.561589694,
      -6.608541305,
      -2.080928477,
