{
  "obstacles": {"coords": [
    [],
    [],
    []
  ]},
  "destinations": {"coords": [
    [
      2324,
      1462,
      658,
      608,
      603,
      1341,
      2295,
      1415
    ],
    [
      1345,
      1390,
      1391,
      881,
      296,
      284,
      284,
      833
    ],
    [
      0,
      0,
      0,
      0,
      0,
      0,
      0,
      0
    ]
  ]},
  "params": {
    "pr": 0.10000000149011612,
    "scaling": "linear",
    "ko": 1000,
    "kr": 5,
    "speed": 3,
    "rb": 40,
    "perim_coord": false,
    "ob": 100,
    "pc": 10,
    "exp_rate": 0.20000000298023224,
    "stability_factor": 0,
    "kc": 0.20000000298023224,
    "kd": 25,
    "cb": 55
  },
  "agents": {"coords": [
    [
      2394.930419921875,
      2176.778564453125,
      2208.611083984375,
      2270.18115234375,
      2244.56201171875,
      2343.47021484375,
      2088.289794921875,
      2418.04541015625,
      2291.009033203125,
      1469.1005859375,
      1611.7294921875,
      2404.211669921875,
      2227.7587890625,
      2142.1923828125,
      1412.110595703125,
      2209.884521484375,
      2094.875732421875,
      2107.978515625,
      2345.9677734375,
      2315.659912109375,
      2367.284423828125,
      2305.40673828125,
      2188.335205078125,
      2348.101318359375,
      2291.56103515625,
      1212.585693359375,
      2331.197265625,
      2232.809326171875,
      2198.529052734375,
      2196.254150390625,
      2273.269287109375,
      2168.138427734375,
      2205.543212890625,
      2175.648193359375,
      2213.09326171875,
      2250.691162109375,
      2169.490478515625,
      2315.9873046875,
      2157.33740234375,
      2140.969970703125,
      2260.584716796875,
      2363.973876953125,
      2294.6171875,
      2124.32861328125,
      2372.168212890625,
      2381.395751953125,
      2326.469482421875,
      2346.549560546875,
      2425.92919921875,
      2269.8642578125,
      2205.046875,
      2115.26220703125,
      2364.377197265625,
      2385.521484375,
      2365.240234375,
      2206.04541015625,
      2224.05712890625,
      2333.720947265625,
      2297.91015625,
      2278.911865234375,
      2147.709228515625,
      2192.539306640625,
      2226.534423828125,
      1256.2939453125,
      2242.762939453125,
      2239.94873046875,
      1685.43994140625,
      2295.939697265625,
      2274.942626953125,
      2183.74560546875,
      2161.529541015625,
      2289.76708984375,
      2305.567626953125,
      2151.125,
      2387.347412109375,
      2132.8349609375,
      2324.565673828125,
      2186.049560546875,
      2365.6357421875,
      2242.141357421875,
      2333.0185546875,
      2256.359619140625,
      2241.009033203125,
      2266.016357421875,
      2268.522705078125,
      1556.5601806640625,
      2285.1259765625,
      2400.63134765625,
      1318.26318359375,
      2236.51611328125,
      2170.46337890625,
      2328.8330078125,
      2310.741455078125,
      2274.582275390625,
      2262.99462890625,
      2224.9306640625,
      2311.575439453125,
      2310.677001953125,
      2142.717529296875,
      2245.19384765625
    ],
    [
      1319.7296142578125,
      1203.4610595703125,
      1281.15576171875,
      1328.4832763671875,
      1168.69482421875,
      1244.1580810546875,
      1301.0999755859375,
      1347.946044921875,
      1219.1007080078125,
      1390.843505859375,
      1387.9180908203125,
      1392.766357421875,
      1246.055908203125,
      1348.706787109375,
      1390.86376953125,
      1191.1773681640625,
      1264.65234375,
      1226.50537109375,
      1315.5074462890625,
      1311.6307373046875,
      1336.7388916015625,
      1347.4825439453125,
      1166.4212646484375,
      1363.892333984375,
      1451.861083984375,
      1389.6915283203125,
      1451.509521484375,
      1476.31298828125,
      1356.00830078125,
      1448.4307861328125,
      1483.0130615234375,
      1241.4044189453125,
      1318.47607421875,
      1331.390625,
      1379.7808837890625,
      1330.1922607421875,
      1361.5416259765625,
      1419.890380859375,
      1146.6298828125,
      1219.115478515625,
      1447.835693359375,
      1457.1295166015625,
      1395.752685546875,
      1292.002685546875,
      1297.2232666015625,
      1364.4095458984375,
      1214.5010986328125,
      1424.5355224609375,
      1310.7244873046875,
      1194.884033203125,
      1222.9112548828125,
      1323.202392578125,
      1216.76318359375,
      1423.2325439453125,
      1268.9263916015625,
      1411.3167724609375,
      1339.0238037109375,
      1290.572998046875,
      1272.75,
      1421.717041015625,
      1179.146728515625,
      1259.05029296875,
      1441.41357421875,
      1389.590087890625,
      1355.619140625,
      1310.476318359375,
      1394.005615234375,
      1297.07666015625,
      1256.970458984375,
      1390.3751220703125,
      1273.073974609375,
      1331.4422607421875,
      1184.4456787109375,
      1311.28271484375,
      1245.67529296875,
      1253.1744384765625,
      1275.3018798828125,
      1294.1796875,
      1393.34521484375,
      1269.4232177734375,
      1338.892578125,
      1235.2188720703125,
      1386.0225830078125,
      1357.052978515625,
      1389.6302490234375,
      1382.0438232421875,
      1359.8642578125,
      1279.7498779296875,
      1389.9620361328125,
      1211.348876953125,
      1423.7896728515625,
      1394.5855712890625,
      1374.2490234375,
      1297.8408203125,
      1281.388427734375,
      1299.80419921875,
      1485.311767578125,
      1241.2279052734375,
      1391.6385498046875,
      1412.3812255859375
    ],
    [
      0,
      0,
      0,
      0,
      0,
      0,
      0,
      0,
      0,
      0,
      0,
      0,
      0,
      0,
      0,
      0,
      0,
      0,
      0,
      0,
      0,
      0,
      0,
      0,
      0,
      0,
      0,
      0,
      0,
      0,
      0,
      0,
      0,
      0,
      0,
      0,
      0,
      0,
      0,
      0,
      0,
      0,
      0,
      0,
      0,
      0,
      0,
      0,
      0,
      0,
      0,
      0,
      0,
      0,
      0,
      0,
      0,
      0,
      0,
      0,
      0,
      0,
      0,
      0,
      0,
      0,
      0,
      0,
      0,
      0,
      0,
      0,
      0,
      0,
      0,
      0,
      0,
      0,
      0,
      0,
      0,
      0,
      0,
      0,
      0,
      0,
      0,
      0,
      0,
      0,
      0,
      0,
      0,
      0,
      0,
      0,
      0,
      0,
      0,
      0
    ]
  ]},
  "info": {
    "date": "2021-02-16",
    "by": "PSywarm 0.1.6",
    "time": "16:44:36.865"
  }
}