{
  "obstacles": {"coords": [
    [],
    [],
    []
  ]},
  "destinations": {"coords": [
    [],
    [],
    []
  ]},
  "params": {
    "pr": 0.10000000149011612,
    "scaling": "linear",
    "ko": 1000,
    "kr": 5,
    "speed": 3,
    "rb": 40,
    "perim_coord": false,
    "ob": 100,
    "pc": 10,
    "exp_rate": 0.20000000298023224,
    "stability_factor": 0,
    "kc": 0.20000000298023224,
    "kd": 5,
    "cb": 55
  },
  "agents": {"coords": [
    [
      1640.6651611328125,
      1086.24462890625,
      1586.088623046875,
      1242.443603515625,
      1142.9896240234375,
      1241.1650390625,
      1568.0089111328125,
      1542.1905517578125,
      1269.779052734375,
      1130.22607421875,
      1404.6112060546875,
      1087.268798828125,
      1601.5675048828125,
      1203.2926025390625,
      1672.0814208984375,
      1198.9600830078125,
      1155.5426025390625,
      1176.763916015625,
      1266.3004150390625,
      1229.806396484375,
      1537.6937255859375,
      1575.2884521484375,
      1053.041259765625,
      1573.0528564453125,
      1378.063720703125,
      1278.50927734375,
      1173.5955810546875,
      1512.4886474609375,
      1424.350830078125,
      1689.15283203125,
      1548.34228515625,
      1619.3406982421875,
      1389.624267578125,
      1643.387939453125,
      1674.318115234375,
      1436.6971435546875,
      1544.8740234375,
      1125.9398193359375,
      1648.3089599609375,
      1187.1043701171875,
      1433.0177001953125,
      1646.3382568359375,
      1171.19873046875,
      1545.4981689453125,
      1672.699462890625,
      1456.1859130859375,
      1064.964111328125,
      1690.71142578125,
      1334.8585205078125,
      1485.2435302734375,
      1613.7926025390625,
      1358.91748046875,
      1334.4017333984375,
      1519.6595458984375,
      1472.4263916015625,
      1577.4234619140625,
      1257.8428955078125,
      1630.83154296875,
      1558.2052001953125,
      1387.4744873046875,
      1486.0380859375,
      1670.10205078125,
      1220.9561767578125,
      1095.09033203125,
      1563.589599609375,
      1309.0960693359375,
      1510.3621826171875,
      1372.476806640625,
      1300.4066162109375,
      1449.1961669921875,
      1202.90283203125,
      1239.5045166015625,
      1570.9525146484375,
      1106.6939697265625,
      1149.831787109375,
      1472.06103515625,
      1629.8887939453125,
      1364.703369140625,
      1219.6002197265625,
      1169.322509765625,
      1513.8182373046875,
      1374.9896240234375,
      1645.367919921875,
      1056.313720703125,
      1258.6636962890625,
      1296.9012451171875,
      1601.1153564453125,
      1586.093994140625,
      1239.956298828125,
      1162.16943359375,
      1447.0252685546875,
      1061.876220703125,
      1479.093017578125,
      1312.669921875,
      1600.0262451171875,
      1475.2764892578125,
      1613.669921875,
      1099.1817626953125,
      1353.52685546875,
      1338.542724609375,
      1206.54541015625,
      1551.7813720703125,
      1412.397705078125,
      1201.6944580078125,
      1126.5838623046875,
      1370.298828125,
      1608.7275390625,
      1569.6075439453125,
      1156.4423828125,
      1224.6556396484375,
      1121.4495849609375,
      1505.3079833984375,
      1273.2117919921875,
      1343.953369140625,
      1510.1572265625,
      1582.121826171875,
      1543.8314208984375,
      1104.207275390625,
      1081.6810302734375,
      1179.59228515625,
      1402.4368896484375,
      1074.20556640625,
      1112.2222900390625,
      1297.8701171875,
      1309.22216796875,
      1135.85693359375,
      1337.6966552734375,
      1531.6279296875,
      1141.340087890625,
      1406.56689453125,
      1134.246826171875,
      1681.5556640625,
      1103.97998046875,
      1618.75830078125,
      1443.478271484375,
      1441.8447265625,
      1415.26953125,
      1115.447265625,
      1174.9002685546875,
      1607.579345703125,
      1167.1734619140625,
      1542.1912841796875,
      1410.6219482421875,
      1650.643798828125,
      1138.7247314453125,
      1533.4434814453125,
      1578.7686767578125,
      1621.1898193359375,
      1186.9342041015625,
      1629.16845703125
    ],
    [
      608.8389282226562,
      872.4464721679688,
      929.1710205078125,
      446.86639404296875,
      873.503173828125,
      571.1705932617188,
      850.0476684570312,
      880.85986328125,
      510.4108581542969,
      548.3501586914062,
      888.1983032226562,
      688.5601196289062,
      742.1221313476562,
      504.89556884765625,
      716.4005737304688,
      824.229736328125,
      910.2266235351562,
      790.0452270507812,
      967.5599975585938,
      989.0850219726562,
      657.1143188476562,
      775.1359252929688,
      671.9404296875,
      671.9972534179688,
      467.3010559082031,
      547.7108764648438,
      855.6392211914062,
      500.0411376953125,
      423.35101318359375,
      795.180419921875,
      489.2508544921875,
      899.8638916015625,
      533.1309204101562,
      754.5878295898438,
      603.5266723632812,
      868.4959716796875,
      702.8479614257812,
      940.3764038085938,
      795.782958984375,
      930.1043701171875,
      520.48583984375,
      868.01220703125,
      487.4515380859375,
      918.0305786132812,
      831.92529296875,
      442.98736572265625,
      791.8132934570312,
      678.70361328125,
      965.6472778320312,
      1002.0294189453125,
      680.7365112304688,
      507.0780029296875,
      929.2650756835938,
      983.806396484375,
      514.4513549804688,
      888.8064575195312,
      886.5260620117188,
      832.9639282226562,
      811.9329833984375,
      430.0975341796875,
      474.0783386230469,
      642.6658935546875,
      909.5523681640625,
      725.3062133789062,
      739.2844848632812,
      492.06298828125,
      581.3616333007812,
      985.1373291015625,
      954.6266479492188,
      986.734130859375,
      465.0403747558594,
      529.5870361328125,
      593.8524169921875,
      613.3327026367188,
      823.372314453125,
      881.6751098632812,
      715.3560180664062,
      905.880859375,
      863.9219360351562,
      567.1131591796875,
      941.8492431640625,
      1021.6826782226562,
      574.0198364257812,
      708.8958740234375,
      929.3585205078125,
      911.0125122070312,
      618.8204956054688,
      710.2830810546875,
      486.3863220214844,
      959.0778198242188,
      485.4230651855469,
      752.7852783203125,
      966.0794067382812,
      529.5484619140625,
      817.996337890625,
      924.5161743164062,
      782.2222900390625,
      764.9743041992188,
      544.9343872070312,
      1008.5563354492188,
      583.6754150390625,
      958.7913208007812,
      1011.8223876953125,
      545.8375854492188,
      704.0631103515625,
      943.781005859375,
      859.7546997070312,
      635.3435668945312,
      678.6796264648438,
      947.2922973632812,
      661.6253051757812,
      543.0782470703125,
      468.78082275390625,
      431.6872253417969,
      902.3582153320312,
      551.2908325195312,
      524.9894409179688,
      806.5185546875,
      648.4840698242188,
      644.9767456054688,
      499.2852478027344,
      830.2774658203125,
      901.4219970703125,
      992.8690185546875,
      444.8241882324219,
      589.3331298828125,
      469.51348876953125,
      839.6174926757812,
      629.0631713867188,
      930.9611206054688,
      741.6196899414062,
      754.2769775390625,
      575.5340576171875,
      503.11834716796875,
      949.3777465820312,
      905.1793823242188,
      458.97998046875,
      842.5089111328125,
      603.7813720703125,
      577.7626953125,
      525.9844970703125,
      565.2927856445312,
      968.927734375,
      680.8005981445312,
      783.8275756835938,
      612.2100219726562,
      510.8631896972656,
      544.1337890625,
      892.72021484375,
      648.817626953125
    ],
    [
      0,
      0,
      0,
