,STEP,PID,PX,PY,NID,NX,NY
116,1,23,-7.152317523956299,-0.6850666999816895,49,-8.982226371765137,0.3734673857688904
117,1,23,-7.152317523956299,-0.6850666999816895,2,-6.308067321777344,1.1572047472000122
118,1,23,-7.152317523956299,-0.6850666999816895,0,-5.129050731658936,-0.6072866320610046
119,1,23,-7.152317523956299,-0.6850666999816895,21,-6.5207037925720215,-2.6141557693481445
120,1,23,-7.152317523956299,-0.6850666999816895,88,-8.888282775878906,-1.6491869688034058
