,STEP,PID,PX,PY,NID,NX,NY,PPERIM,NPERIM
7949,200,1,2.745266193,-0.128177577,6,1.6246949290000001,1.569424343,True,True
7950,200,1,2.745266193,-0.128177577,4,1.9005716469999998,-1.8958455159999998,True,True
7951,200,1,2.745266193,-0.128177577,3,0.776544494,-0.21013093800000002,True,False
