{
  "obstacles": {"coords": [
    [],
    [],
    []
  ]},
  "destinations": {"coords": [
    [0],
    [0],
    [0]
  ]},
  "params": {
    "rgf": true,
    "perim_coord": false,
    "rb": [
      [
        2,
        2
      ],
      [
        2,
        2
      ]
    ],
    "scaling": "linear",
    "exp_rate": 0.20000000298023224,
    "stability_factor": 0,
    "kr": [
      [
        50,
        1000
      ],
      [
        50,
        50
      ]
    ],
    "kc": [
      [
        0.15,
        0.15
      ],
      [
        0.15,
        15
      ]
    ],
    "kd": 0,
    "kg": 50,
    "speed": 0.05,
    "cb": 3
  },
  "agents": {"coords": [
    [
      0.319536408,
      1.700039869,
      5.109850224,
      2.965515517,
      -6.465215706,
      -3.094531409,
      -0.817764945,
      2.107642355,
      5.164763682,
      -3.665761183,
      4.271470602,
      -3.511084032,
      -6.467860925,
      4.141126002,
      -0.74793177,
      3.848212269,
      0.327129962,
      -3.707338387,
      -0.246967171,
      -4.185505219,
      -3.085452456,
      0.175454253,
      -1.238903176,
      0.113632504,
      4.671424898,
      4.254684833,
      -5.89614684,
      0.069330894,
      -2.347828305,
      4.755760488,
      3.541138435,
      1.04802231,
      1.612477545,
      0.483262529,
      0.966033546,
      4.094129524,
      0.596356864,
      5.231545305,
      1.267366111,
      -4.0829466,
      3.150842697,
      -0.555410233,
      1.941369844,
      4.856760276,
      -2.258764471,
      2.407600942,
      -0.07285951,
      4.302056625,
      3.964170451,
      -3.634380664,
      3.03963412,
      1.81188784,
      1.338872207,
      1.068142722,
      -1.528908075,
      -2.746449948,
      5.2879442,
      3.642326114,
      -1.592158545,
      2.74167728,
      -7.55383249,
      3.982209017,
      0.845084623,
      1.256228348,
      -4.39943528,
      3.609466881,
      2.927501482,
      8.512063156,
      1.921637689,
      2.656958075,
      -5.754258034,
      2.649117713,
      -6.444107339,
      3.401171807,
      5.739647056,
      4.872035542,
      -0.664180802,
      -3.485110302,
      5.336429015,
      3.512590856,
      -2.150772408,
      -2.909611851,
      -6.112547921,
      -3.098728476,
      -3.476656203,
      4.258287072,
      4.019478752,
      3.377499939,
      3.394628665,
      -1.352548868,
      1.064422151,
      0.895536763,
      -1.427662206,
      3.601107104,
      -5.388186888,
      -0.399867653,
      0.895719244,
      -3.747278701,
      1.49327436,
      6.092187942,
      -2.433218612,
      5.811201119,
      2.249762045,
      5.488293616,
      4.533349142,
      5.0788973,
      -6.393948738,
      1.874394912,
      5.893745136,
      -5.216810698,
      3.599647969,
      -4.326388063,
      -2.897330038,
      6.028931927,
      -4.648710823,
      6.863174532,
      2.657738603,
      -8.035797776,
      -2.491075489,
      1.563447355,
      1.338041092,
      1.96672204,
      -2.401968419,
      5.658155013,
      -4.343894125,
      -0.353486393,
      3.613416809,
      6.788100019,
      0.011861155,
      -0.653944925,
      -5.450771353,
      5.334402594,
      -1.781349515,
      1.048628058,
      -5.618039734,
      -4.757710827,
      -3.586513973,
      4.941546379,
      -5.747889996,
      3.649748221,
      -2.930824597,
      0.272236874,
      4.273523063,
      2.519853545,
      -1.818836715,
      4.069305781,
      3.279409098,
      -3.837004102,
      -1.40104867,
      -0.531486569,
      -1.268312341,
      0.946636136,
      -0.882915506,
      2.725276153,
      4.295954292,
      -0.535647154,
      -4.662086825,
      5.852409234,
      -0.321557018,
      1.869895296,
      -1.712477673,
      4.728395955,
      -5.104144364,
      -1.836692107,
      -3.196268327,
      0.172386323,
      -7.696670751,
      -2.285971328,
      0.284294897,
      5.192331959,
      0.976662362,
      -0.273992358,
      -1.10378636,
      -2.53100774,
      -1.367782803,
      1.177348627,
      -2.796755909,
      -2.156741633,
      2.660511504,
      2.760666478,
      -6.306632273,
      -4.797349551,
      3.686050932,
      5.214652447,
      2.970060684,
      -4.56685606,
      0.181962779,
      2.660818335,
      0.806992807,
      0.385594683,
      8.1498939,
      2.582841569,
      -2.287270317,
      1.619871557,
      3.658527344,
      -5.344267343,
      -5.257010547,
      -5.390185919,
      -3.441410648,
      -3.285385929,
      -2.17293325,
      4.966016729,
      1.376381839,
      4.68719349,
      -3.890233597,
      -3.156937288,
      -0.440532049,
      0.757319462,
      -1.513226331,
      3.752334003,
      3.045674711,
      -5.6619005,
      0.227756353,
      -4.074724111,
      -4.717821261,
      6.365567439,
      -4.622032079,
      -5.517825588,
      0.374000958,
      -6.236751444,
      -2.66973639,
      -8.209134118,
      1.765319485,
      1.924271429,
      -0.632354269,
      -3.386870165,
      2.784268194,
      0.841882533,
      5.389021177,
      -3.857010858,
      -2.302843798,
      0.218693818,
      -2.13752938,
      -4.360745799,
      1.603019197,
      0.116518742,
      2.254240644,
      -1.777520725,
      1.73680082,
      5.272126905,
      4.537166439,
      3.620443401,
      -5.231938766,
      3.266788315,
      -1.787732642,
      -0.925251852,
      -4.485813871,
      -2.889728651,
      -0.32838163,
      0.202763229,
      1.277260452,
      2.427832516,
      -1.839228629,
      -1.374162327,
      3.47420416,
      1.801036417,
      -2.950069416,
      -0.029037891,
      6.221416055,
      6.824103382,
      2.251024986,
      4.622422968,
      -0.448343803,
      -4.384475655,
      -5.159903069,
      -3.323221633,
      -1.595863645,
      -8.177450981,
      -2.471081505,
      -2.47533127,
      -0.99212432,
      -6.495849517,
      -0.619882898,
      2.130221139,
      -1.782455787,
      -1.141789391,
      6.658047949,
      -1.03376964,
      1.615462851,
      2.372893247,
      -0.838367736,
      -3.985221966,
      -7.161314867,
      0.616261547,
      6.022578161,
      -3.265902898,
      -5.950351892,
      -4.590613462,
      -2.170277232,
      3.015274895,
      -3.229352136,
      2.682370085,
      0.612532301,
      -2.331981421,
      2.272155821,
      1.871064706,
      5.006397935,
      4.471438765,
      0.705484643,
      -2.481330212,
      3.786365497,
      -6.20846853,
      -1.069880559,
      -0.449380851,
      1.173257908,
      0.896268591,
      -6.962623613,
      -0.589777723,
      -4.803929431,
      -3.163158813,
      0.170266257,
      -4.643379978,
      0.419636727,
      -6.369070805,
      4.199792446,
      6.860561067,
      1.058855593,
      -7.960152375,
      -4.96756839,
      -0.215960179,
      -2.867567527,
      -5.607152908,
      -6.103701204,
      -4.072572885,
      7.602092564,
      1.945141345,
      4.626106232,
      -2.086245887,
      3.045093168,
      3.633431193,
      5.116861015,
      -6.335214594,
      -1.102770728,
      2.946469006,
      -6.452133725,
      -4.931272535,
      1.407130205,
      -0.687158315,
      -6.202744984,
      -2.352563997,
      3.093511416,
      2.210302755,
      -1.061875074,
      5.763235439,
      -0.339783252,
      -3.843359622,
      2.679074213,
      -1.776654338,
      4.249940231,
      -1.252363984,
      -3.048860058,
      2.104585836,
      1.416150682,
      -3.938228298,
      -5.366075945,
      -3.755994874,
      -2.05209917,
      -1.076726573,
      2.563882324,
      6.540530734,
      0.488799577,
      -3.515722069,
      0.48353814,
      -3.00709702,
      4.856970484,
      -4.869568736,
      -4.077964537,
      -5.533465224,
      1.680437242,
      -4.553347253,
      -4.013706838,
      -1.426818158,
      -1.575984579,
      6.950987635,
      4.335387735,
      -2.091172699,
      -0.798214149,
      -1.331335192,
