{
  "obstacles": {"coords": [
    [],
    [],
    []
  ]},
  "destinations": {"coords": [
    [0],
    [0],
    [0]
  ]},
  "params": {
    "rgf": true,
    "perim_coord": false,
    "rb": [
      [
        2,
        2
      ],
      [
        2,
        2
      ]
    ],
    "scaling": "linear",
    "exp_rate": 0.20000000298023224,
    "stability_factor": 0,
    "kr": [
      [
        50,
        10
      ],
      [
        50,
        50
      ]
    ],
    "kc": [
      [
        0.15,
        0.15
      ],
      [
        0.15,
        75
      ]
    ],
    "kd": 0,
    "kg": 100,
    "speed": 0.05,
    "cb": 3
  },
  "agents": {"coords": [
    [
      4.029890954,
      14.397234346,
      5.814730806,
      -15.974025125,
      -7.409344892,
      -3.578468631,
      3.752243301,
      10.834523421,
      -9.704036826,
      9.681495121,
      16.262347682,
      -9.132646847,
      -16.004338268,
      9.553034174,
      -1.705450238,
      7.100232903,
      -7.149576672,
      -0.257139471,
      -11.140690907,
      11.855160188,
      -8.731319772,
      -0.764643832,
      -4.823629704,
      10.368659327,
      11.112850834,
      -14.967596137,
      -1.438077797,
      -5.981830981,
      10.00028236,
      8.745384183,
      1.863538371,
      0.128854049,
      9.06800079,
      15.02304689,
      -10.008783615,
      7.328318432,
      -1.328965339,
      4.255150874,
      8.924027,
      -6.997807035,
      4.830453108,
      -1.928080431,
      9.68723075,
      8.029958216,
      -10.526570266,
      7.721365983,
      5.530845398,
      4.086317644,
      4.038883875,
      -5.234980213,
      -8.141248902,
      11.630797084,
      9.140467118,
      -5.901213545,
      5.3851466,
      -14.479341973,
      7.258685352,
      1.094890026,
      1.285900287,
      -11.065103663,
      7.202445645,
      8.351243251,
      15.738080443,
      2.144857787,
      5.692873753,
      -14.283589368,
      4.937980242,
      -15.919948855,
      6.738546957,
      14.51835877,
      14.732679521,
      12.28882014,
      12.79348642,
      -2.159695303,
      -9.01609889,
      13.115243949,
      8.152809971,
      -7.928904353,
      -12.941176523,
      -9.332783107,
      -8.744388973,
      10.811692569,
      7.279488492,
      7.752438526,
      8.248412625,
      -4.68093248,
      2.812030571,
      -4.110095439,
      7.842811393,
      -10.381774876,
      1.816606176,
      -11.045656836,
      4.519130817,
      11.95273313,
      12.410879408,
      -5.441487143,
      14.851823404,
      4.667557888,
      12.59864608,
      10.137338873,
      10.818571062,
      -15.68905924,
      11.702716952,
      -11.031024,
      7.707811804,
      -9.540734114,
      -6.228613322,
      11.977628037,
      -12.827698867,
      13.960924237,
      16.169365954,
      7.00412467,
      -15.516221835,
      -6.76106016,
      16.303295624,
      3.49884894,
      2.862204887,
      5.27947244,
      -7.050382111,
      14.157798331,
      -10.301038362,
      10.940438041,
      16.079044883,
      -0.056833594,
      -14.415193644,
      13.872467656,
      -6.885535273,
      3.704668114,
      -11.469103035,
      -12.196292577,
      -9.900844898,
      9.756769877,
      -14.816453817,
      10.010282325,
      -7.610080993,
      0.954525011,
      15.28546514,
      8.519951639,
      6.461556701,
      14.875895023,
      -4.678580205,
      8.890021697,
      6.368286481,
      -12.201869917,
      -2.729497161,
      -4.212349727,
      6.643362465,
      10.508830032,
      -3.396202815,
      -11.350179454,
      13.352613728,
      -1.581056483,
      4.362296837,
      -3.584732384,
      11.371505044,
      -13.029846553,
      -5.535753882,
      -7.811046331,
      -14.622116667,
      -7.734453369,
      -1.864300478,
      12.330966208,
      -0.351505378,
      0.368201755,
      -3.302430833,
      -6.484943996,
      -2.409110502,
      1.872108698,
      -6.275087631,
      -7.075360098,
      4.545787099,
      6.28592183,
      -15.342636096,
      -12.779420945,
      8.521185171,
      10.680795234,
      6.698798259,
      -11.97185004,
      5.884730402,
      1.183652161,
      0.206668224,
      15.191535556,
      6.451855752,
      -5.084374362,
      2.85715803,
      7.398037639,
      -10.780966576,
      -14.134838896,
      -14.485723578,
      -8.332888139,
      -7.561629775,
      -5.947431244,
      16.16560364,
      13.522498653,
      3.716517698,
      9.564615202,
      -9.270914312,
      -10.835516816,
      -2.408216259,
      2.315222633,
      -5.185294791,
      9.042664258,
      5.619773574,
      -14.37577575,
      1.210615259,
      13.223403549,
      -9.918003769,
      -12.000427713,
      15.474483566,
      -13.916016618,
      -16.018639162,
      -1.400048837,
      -11.440370212,
      -6.159324441,
      -15.846102942,
      5.240991659,
      3.459390528,
      -3.994315466,
      -6.599117196,
      5.485824206,
      1.061317702,
      10.136505815,
      16.227297627,
      -10.465240662,
      -4.959230471,
      -0.717637195,
      -5.379287855,
      -8.12504235,
      3.049245468,
      -0.062809474,
      4.727231776,
      -3.660968948,
      4.589333988,
      11.372341431,
      8.921642162,
      8.344303531,
      -13.530705577,
      3.512676978,
      -3.52075035,
      -2.53508582,
      -11.704632459,
      -8.027856164,
      -1.752369407,
      0.964856218,
      2.991366302,
      5.939410619,
      8.047337063,
      16.010083709,
      2.704055484,
      -7.520376955,
      0.691856233,
      13.645955242,
      15.083811724,
      12.929585079,
      12.773841449,
      6.40639955,
      11.01882031,
      15.82361178,
      -9.633981341,
      -12.611693988,
      -8.417250214,
      -6.11060078,
      -15.908470622,
      -9.376680977,
      -8.03703744,
      -2.565366262,
      -15.955683739,
      -0.573868829,
      4.776221764,
      -4.025616451,
      -3.157277377,
      15.88867688,
      14.275354009,
      6.131484824,
      -0.707851017,
      -10.29580436,
      -13.887026721,
      1.714112345,
      14.241780634,
      -8.200842507,
      -12.242012089,
      -9.517068333,
      5.215875276,
      -8.000824467,
      6.135136211,
      -0.452125993,
      -4.993531273,
      4.613867532,
      3.469810403,
      11.240353182,
      11.74894293,
      1.746114881,
      -6.642624547,
      7.851154964,
      -15.240019518,
      -2.924500381,
      -0.505050831,
      0.994785751,
      -13.37907689,
      -3.288617836,
      -11.355966664,
      -6.597358572,
      -10.933532044,
      15.567081427,
      0.466753895,
      -15.809029237,
      9.01209097,
      16.244397576,
      2.789591987,
      -15.670530657,
      -12.956349899,
      -2.537684435,
      -5.44089717,
      -14.13165416,
      -15.224016198,
      -11.571160049,
      14.467350115,
      2.857225207,
      9.826395722,
      -4.375794917,
      6.47067134,
      8.157120988,
      13.478095358,
      -15.465551344,
      -12.489769372,
      -13.033324227,
      1.074452113,
      -3.367315792,
      -14.953076646,
      -6.421695925,
      6.418669002,
      4.671712138,
      -2.094626176,
      12.43501669,
      -8.850903787,
      7.419109384,
      -4.947634173,
      10.795618146,
      -4.376975108,
      -9.048700725,
      2.221785488,
      2.366387813,
      -8.768159795,
      -13.84598621,
      -8.461599166,
      14.213356518,
      -3.863709345,
      -1.558390254,
      5.536318686,
      14.221228781,
      -0.743149916,
      -7.195958483,
      0.370860033,
      -6.62712825,
      12.558639123,
      -13.007869574,
      -9.830826373,
      -13.450450072,
      3.577642608,
      -12.357970675,
      -9.889045824,
      -3.475372975,
      12.982906292,
      9.38350199,
      -5.02325427,
      -1.047675387,
      -5.358773072,
      2.229970514,
      16.273763188,
      13.875421647
    ],
    [
      4.587150799,
