{
  "obstacles": {"coords": [
    [],
    [],
    []
  ]},
  "destinations": {"coords": [
    [],
    [],
    []
  ]},
  "params": {
    "pr": 0.15,
    "scaling": "linear",
    "ko": 1000,
    "kr": 50,
    "kg": 0,
    "speed": 0.05000000074505806,
    "rb": 2,
    "perim_coord": false,
    "ob": 4,
    "pc": 30,
    "exp_rate": 0.20000000298023224,
    "stability_factor": 0,
    "kc": 0.15000000596046448,
    "kd": 4,
    "cb": 3
  },
  "agents": {"coords": [
    [
      8.898993492126465,
      8.068729400634766,
      4.902900218963623,
      -9.284027099609375,
      13.446694374084473,
      -13.365257263183594,
      8.95421028137207,
      -9.072927474975586,
      -10.404897689819336,
      10.168014526367188,
      -10.661707878112793,
      -0.6776261329650879,
      8.734073638916016,
      -5.2577805519104,
      -8.809063911437988,
      -2.474618673324585,
      -3.193631887435913,
      -8.07508659362793,
      -4.532270431518555,
      2.558819055557251,
      8.009872436523438,
      13.94735336303711,
      1.990502953529358,
      0.4465661942958832,
      -8.435850143432617,
      -5.817174911499023,
      12.599261283874512,
      -7.87539529800415,
      13.846857070922852,
      3.0473833084106445,
      9.844217300415039,
      6.035166263580322,
      6.4839935302734375,
      -0.676306962966919,
      -7.925052642822266,
      15.461575508117676,
      -11.67339038848877,
      -6.245265483856201,
      -4.202483654022217,
      -4.228893756866455,
      3.666496515274048,
      -0.6947959661483765,
      12.122032165527344,
      13.079678535461426,
      4.819694995880127,
      10.887474060058594,
      6.136560916900635,
      -4.81986141204834,
      -6.140384197235107,
      -2.761681079864502,
      -5.4709272384643555,
      11.76036548614502,
      12.744441032409668,
      15.778145790100098,
      16.25467300415039,
      11.271506309509277,
      14.58731460571289,
      1.4024419784545898,
      -6.468549728393555,
      -11.838715553283691,
      -11.433171272277832,
      9.768745422363281,
      7.826689720153809,
      6.571139335632324,
      6.235769748687744,
      -0.3110598921775818,
      9.393533706665039,
      14.110769271850586,
      7.270900249481201,
      9.978316307067871,
      1.0788304805755615,
      1.032272458076477,
      14.551215171813965,
      -0.9139954447746277,
      -4.175740718841553,
      -2.7301385402679443,
      2.355726957321167,
      1.1077899932861328,
      -9.5980224609375,
      14.487717628479004,
      -9.848835945129395,
      8.577680587768555,
      -4.727969646453857,
      -12.80151653289795,
      2.2277348041534424,
      6.766849994659424,
      -0.5799100995063782,
      -9.223956108093262,
      -5.042518615722656,
      13.616423606872559,
      6.391730785369873,
      11.355745315551758,
      -7.849198341369629,
      2.6722185611724854,
      -8.21627426147461,
      7.76901912689209,
      -11.176344871520996,
      15.27718448638916,
      -11.114718437194824,
      14.257746696472168,
      -10.145088195800781,
      4.734022617340088,
      4.685709476470947,
      -1.153132438659668,
      1.2725000381469727,
      -13.519980430603027,
      8.298169136047363,
      2.9591407775878906,
      -6.377828598022461,
      4.155025482177734,
      -1.1195193529129028,
      9.658890724182129,
      -13.074650764465332,
      -7.115806579589844,
      0.8897075057029724,
      5.941411972045898,
      0.6982426047325134,
      16.36110496520996,
      -12.283907890319824,
      16.177248001098633,
      4.502559185028076,
      -4.52587366104126,
      0.5842563509941101,
      15.906743049621582,
      -5.565401077270508,
      -13.795877456665039,
      10.44055461883545,
      -7.68289041519165,
      5.553466796875,
      8.430181503295898,
      2.4152066707611084,
      -0.37631434202194214,
      -4.402368068695068,
      -6.695927143096924,
      -8.662221908569336,
      11.467419624328613,
      11.543001174926758,
      9.7008056640625,
      -2.96738862991333,
      -3.611400604248047,
      -12.657069206237793,
      7.579749584197998,
      7.334312915802002,
      10.760520935058594,
      -2.417614459991455,
      -2.5993406772613525,
      10.834344863891602,
      8.190038681030273,
      0.762708306312561,
      8.012652397155762,
      -7.411542892456055,
      -6.820468425750732,
      2.7603485584259033,
      4.53801155090332,
      4.3742780685424805,
      12.416572570800781,
      -5.945330619812012,
      -11.917866706848145,
      10.242156028747559,
      -3.984734058380127,
      4.289273738861084,
      -2.2758870124816895,
      -4.604341506958008,
      12.87585735321045,
      -12.202674865722656,
      -7.014755725860596,
      -2.206343412399292,
      10.551339149475098,
      11.955604553222656,
      -10.311905860900879,
      14.657552719116211,
      4.06931734085083,
      6.412268161773682,
      -10.004172325134277,
      -9.701985359191895,
      -10.7127685546875,
      9.124130249023438,
      12.244330406188965,
      2.8052046298980713,
      11.014053344726562,
      -3.635601043701172,
      9.230354309082031,
      -12.55216121673584,
      -8.502490043640137,
      5.701563835144043,
      -1.3474234342575073,
      7.127509117126465,
      6.557855129241943,
      -4.341541290283203,
      -7.428906440734863,
      3.120068311691284,
      3.8677725791931152,
      2.985431432723999,
      12.658713340759277,
      -6.064523220062256,
      -0.8997869491577148,
      15.65162181854248,
      -10.930333137512207,
      -6.383127689361572,
      -6.224383354187012
    ],
    [
      1.7261359691619873,
      -8.31142520904541,
      -4.022101402282715,
      5.296560287475586,
      -7.833664417266846,
      1.7385259866714478,
      5.738450527191162,
      7.311960697174072,
      -2.752096176147461,
      -5.466723918914795,
      8.47317886352539,
      16.762025833129883,
      -0.23706498742103577,
      8.898331642150879,
      -4.072231292724609,
      15.650463104248047,
      9.696725845336914,
      13.26318359375,
      1.6352434158325195,
      -13.135126113891602,
      13.01848030090332,
      -1.8375952243804932,
      6.5983052253723145,
      7.847863674163818,
      11.312305450439453,
      4.907876491546631,
      3.352626085281372,
      -9.601889610290527,
      -3.8095901012420654,
      -7.091024875640869,
      13.776820182800293,
      -13.439855575561523,
      -7.135524272918701,
      14.831899642944336,
      2.05951189994812,
      -4.957269191741943,
      0.5771639943122864,
      -10.753289222717285,
      -7.9778265953063965,
      3.6567835807800293,
      5.412140846252441,
      -10.756387710571289,
      -2.6071860790252686,
      11.358139991760254,
      -6.010009288787842,
      4.543464183807373,
      12.178808212280273,
      10.837138175964355,
      2.904439926147461,
      13.69237995147705,
      6.854023456573486,
      -6.656381130218506,
      5.39143180847168,
      -0.9176921248435974,
      5.076295852661133,
      10.60732650756836,
      6.1086106300354,
      -5.950047492980957,
      12.081056594848633,
      11.68196964263916,
      2.584138870239258,
      -9.498119354248047,
      -12.654085159301758,
      16.13656234741211,
      -11.46086597442627,
      -4.873799800872803,
      9.758106231689453,
      0.1982955038547516,
      2.972837448120117,
      -7.526086807250977,
      -9.956284523010254,
      13.710894584655762,
      8.142997741699219,
      12.833144187927246,
      -6.0121588706970215,
      -13.52379035949707,
      -15.146866798400879,
      15.752219200134277,
      3.2834086418151855,
      4.138755798339844,
      1.3001418113708496,
      -2.307523012161255,
      -14.018219947814941,
      5.72996711730957,
      8.633917808532715,
      -3.1157264709472656,
      -8.810802459716797,
      -6.280135154724121,
      -2.62569522857666,
      -5.8260674476623535,
      14.20191478729248,
