{
  "obstacles": {"coords": [
    [],
    [],
    []
  ]},
  "destinations": {"coords": [
    [0.020000457763671875],
    [-0.020000457763671875],
    [0]
  ]},
  "params": {
    "pr": 1,
    "scaling": "linear",
    "ko": 1000,
    "kr": 50,
    "speed": 0.05000000074505806,
    "rb": 2,
    "perim_coord": false,
    "ob": 10,
    "pc": 1,
    "exp_rate": 0.20000000298023224,
    "stability_factor": 0,
    "kc": 0.15000000596046448,
    "kd": 4,
    "cb": 2.5
  },
  "agents": {"coords": [
    [
      7.200000762939453,
      0.18000030517578125,
      -10.779998779296875,
      9.740001678466797,
      -12.999999046325684,
      10.65999984741211,
      -8.399999618530273,
      -6.179998397827148,
      12.080001831054688,
      -6.85999870300293,
      -0.11999893188476562,
      9.799999237060547,
      8.959999084472656,
      -7.920000076293945,
      -1.3199996948242188,
      6.880001068115234,
      -11.939998626708984,
      -0.37999916076660156,
      11.060001373291016,
      8.5,
      8.720001220703125,
      -6.399999618530273,
      11.360000610351562,
      -9.920000076293945,
      10.5,
      12.080001831054688,
      6.280002593994141,
      11.220001220703125,
      5.5800018310546875,
      13.740001678466797,
      -8.319999694824219,
      -3.6999988555908203,
      0.9000015258789062,
      13.979999542236328,
      5.540000915527344,
      -1.279998779296875,
      4.799999237060547,
      12.720001220703125,
      10.760002136230469,
      10.299999237060547,
      7.680000305175781,
      -2.739999771118164,
      -12.279998779296875,
      -2.059999465942383,
      4.44000244140625,
      -1.3400001525878906,
      7.220001220703125,
      6.720001220703125,
      9.94000244140625,
      -7.920000076293945
    ],
    [
      -8.0600004196167,
      -9.960000991821289,
      2.8999996185302734,
      -0.40000057220458984,
      3.5,
      4.319999694824219,
      9.259998321533203,
      -4.940000534057617,
      -1.0600004196166992,
      7.840000152587891,
      9.559999465942383,
      9.039999008178711,
      10.85999870300293,
      -4.3600006103515625,
      10.579999923706055,
      6.739999771118164,
      4.119998931884766,
      -7.640000343322754,
      8.299999237060547,
      -5.000000953674316,
      7.979999542236328,
      5.679998397827148,
      0.6599998474121094,
      -5.000000953674316,
      1.5599994659423828,
      -2.060000419616699,
      -8.960000991821289,
      -4.380001068115234,
      9.799999237060547,
      -3.40000057220459,
      7.519998550415039,
      -10.260000228881836,
      -11.520000457763672,
      -0.9600009918212891,
      7.939998626708984,
      -9.780000686645508,
      -8.200000762939453,
      2.3599987030029297,
      -3.020000457763672,
      2.8199996948242188,
      9.85999870300293,
      10.35999870300293,
      1.3799991607666016,
      8.139999389648438,
      -8.680000305175781,
      -7.840001106262207,
      -6.680000305175781,
      8.319999694824219,
      6.959999084472656,
      -5.840001106262207
    ],
    [
      0,
      0,
      0,
      0,
      0,
      0,
      0,
      0,
      0,
      0,
      0,
      0,
      0,
      0,
      0,
      0,
      0,
      0,
      0,
      0,
      0,
      0,
      0,
      0,
      0,
      0,
      0,
      0,
      0,
      0,
      0,
      0,
      0,
      0,
      0,
      0,
      0,
      0,
      0,
      0,
      0,
      0,
      0,
      0,
      0,
      0,
      0,
      0,
      0,
      0
    ]
  ]},
  "info": {
    "date": "2021-02-18",
    "by": "PSywarm 0.1.6",
    "time": "11:30:49.637"
  }
}