{
  "obstacles": {"coords": [
    [],
    [],
    []
  ]},
  "destinations": {"coords": [
    [
      2352,
      2314,
      2372,
      452,
      1373,
      447,
      444,
      1376,
      1351
    ],
    [
      1384,
      165,
      827,
      145,
      125,
      673,
      1370,
      738,
      1414
    ],
    [
      0,
      0,
      0,
      0,
      0,
      0,
      0,
      0,
      0
    ]
  ]},
  "params": {
    "pr": 0.10000000149011612,
    "scaling": "linear",
    "ko": 1000,
    "kr": 5,
    "speed": 0.5,
    "rb": 20,
    "perim_coord": false,
    "ob": 100,
    "pc": 10,
    "exp_rate": 0.20000000298023224,
    "stability_factor": 0,
    "kc": 0,
    "kd": 5,
    "cb": 50
  },
  "agents": {"coords": [
    [
      1568,
      1073,
      1150,
      1461.9752197265625,
      1237,
      1700,
      987,
      1829,
      1390,
      1837,
      1914,
      1847,
      1118,
      1012,
      1929,
      1158,
      994,
      990,
      1613,
      1493,
      1681,
      1816,
      1030,
      1884,
      1396,
      1940.00048828125,
      1646,
      1180,
      1158,
      1060,
      1202,
      1069,
      1194.78076171875,
      1043,
      1135,
      1406,
      1029,
      1524,
      1013,
      997,
      1354,
      1616,
      1815,
      1010,
      1464.4227294921875,
      1894,
      1385,
      1608,
      1904,
      1324,
      1136,
      1036,
      1524,
      1708.57763671875,
      1645,
      1099.5767822265625,
      1293,
      1700,
      1426,
      1560,
      989,
      1103.732421875,
      1314,
      1927.99951171875,
      1331.7060546875,
      1357,
      1829,
      1481.39990234375,
      1211,
      1105,
      1041,
      1427,
      1345,
      1075,
      1721,
      1039,
      1622,
      1109.267578125,
      1938,
      1513,
      1736,
      1250,
      1256,
      1317,
      1326,
      1888,
      1677,
      1817,
      1865,
      1263,
      1018,
      1830,
      1789,
      1446.0960693359375,
      1436,
      1343,
      1277,
      1519,
      984,
      1752,
      1409,
      1750.5009765625,
      966,
      1768,
      1339,
      1694,
      1761,
      1119,
      1709,
      967,
      1484,
      1204.9940185546875,
      1348,
      1488,
      958.1663208007812,
      1098.900634765625,
      1084.07421875,
      1255,
      1479,
      1172,
      1577,
      1411,
      1888,
      958,
      1819,
      1717,
      1766,
      993,
      1394,
      1473,
      1912,
      1232,
      950,
      1207.21923828125,
      1500,
      1938,
      1928,
      1763.4990234375,
      1597,
      1544,
      1658,
      1366,
      1911,
      1533,
      1806.579833984375,
      1783,
      1809,
      1724,
      1552,
      1241,
      1745,
      1793.420166015625,
      1204,
      942,
      1249.36328125,
      1561,
      1048,
      1846,
      1506,
      1073,
      1189.0059814453125,
      1556,
      956.8336791992188,
      962,
      978,
      1670,
      1187,
      1306,
      1024,
      1109,
      1452.5772705078125,
      1228,
      1487,
      1560,
      1484,
      1872,
      1165,
      1718.42236328125,
      1464,
      1027,
      1016,
      1664,
      1101,
      1565,
      1585,
      1401,
      1566.6307373046875,
      1749,
      972,
      1610,
      1399,
      1343,
      942,
      1118,
      1582.60693359375,
      1550,
      1591.91064453125,
      1322.2939453125,
      1387,
      1234.63671875
    ],
    [
      943,
      530,
      703,
      756.3988647460938,
      347,
      348,
      596,
      674,
      322,
      1237,
      869,
      1256,
      673,
      1006,
      1116,
      354,
      536,
      364,
      928,
      953,
      1000,
      933,
      477,
      720,
      1238,
      1214.000244140625,
      1206,
      1244,
      863,
      1189,
      1253,
      613,
      738.414794921875,
      938,
      1030,
      788,
      1069,
      1007,
      378,
      509,
      1183,
      1261,
      1103,
      692,
      890.0553588867188,
      638,
      386,
      1001,
      471,
      367,
      511,
      742,
      390,
      1210.35888671875,
      516,
      1221.8167724609375,
      666,
      521,
      620,
      964,
      479,
      717.0364990234375,
      1016,
      1197.999755859375,
      876.676513671875,
      623,
      917,
      763.9537963867188,
      656,
      1027,
      714,
      916,
      329,
      739,
      480,
      544,
      512,
      736.9635009765625,
      754,
      444,
      827,
      479,
      1060,
      986,
      1133,
      1078,
      1166,
      430,
      1210,
      358,
      1128,
      891,
      1071,
      743.5247802734375,
      717,
      579,
      1084,
      354,
      1138,
      1077,
      947,
      357.12353515625,
      957,
      622,
      1224,
      878,
      376,
      635,
      632,
      436,
      661,
      829.839111328125,
      996,
      1061,
      590.5054931640625,
      1194.1220703125,
      1208.8516845703125,
      417,
      579,
      618,
      447,
      1040,
      819,
      1162,
      360,
      1253,
      405,
      1247,
      687,
      1227,
      1013,
      553,
      1095,
      754.585205078125,
      1003,
      412,
      1275,
      340.87646484375,
      494,
      606,
      745,
      713,
      834,
      1060,
      1005.176025390625,
      969,
      1180,
      690,
      1237,
      1230,
      890,
      989.823974609375,
      952,
      1040,
      771.3643798828125,
      873,
      601,
      1291,
      704,
      327,
      843.160888671875,
      409,
      610.4945068359375,
      1005,
      651,
      451,
      867,
      1238,
      1291,
      758,
      872.9446411132812,
      368,
      1171,
      703,
      1210,
      490,
      411,
      1228.64111328125,
      725,
      1197,
      1166,
      948,
      1131,
      1093,
      390,
      766,
      607.3740234375,
      1167,
      931,
      570,
      1069,
      690,
      835,
      853,
      594.587890625,
      1152,
      612.6436767578125,
      894.323486328125,
      526,
      756.6356201171875
    ],
    [
      0,
      0,
      0,
      0,
      0,
      0,
      0,
      0,
      0,
      0,
      0,
      0,
      0,
      0,
      0,
      0,
      0,
      0,
      0,
      0,
      0,
      0,
      0,
      0,
      0,
      0,
      0,
      0,
      0,
      0,
      0,
      0,
      0,
      0,
      0,
      0,
      0,
      0,
      0,
      0,
      0,
      0,
      0,
      0,
      0,
      0,
      0,
      0,
      0,
      0,
      0,
      0,
      0,
      0,
      0,
      0,
      0,
      0,
      0,
      0,
      0,
      0,
      0,
      0,
      0,
      0,
      0,
      0,
      0,
      0,
      0,
      0,
      0,
      0,
      0,
      0,
      0,
      0,
      0,
      0,
      0,
      0,
      0,
      0,
      0,
      0,
      0,
      0,
      0,
      0,
      0,
      0,
      0,
      0,
      0,
      0,
      0,
      0,
      0,
      0,
      0,
      0,
      0,
      0,
      0,
      0,
      0,
      0,
      0,
      0,
      0,
      0,
      0,
      0,
      0,
      0,
      0,
      0,
      0,
      0,
      0,
      0,
      0,
      0,
      0,
      0,
      0,
      0,
      0,
      0,
      0,
      0,
      0,
      0,
      0,
      0,
      0,
      0,
      0,
      0,
      0,
      0,
      0,
      0,
      0,
      0,
      0,
      0,
      0,
      0,
      0,
      0,
      0,
      0,
      0,
      0,
      0,
      0,
      0,
      0,
      0,
      0,
      0,
      0,
      0,
      0,
      0,
      0,
      0,
      0,
      0,
      0,
      0,
      0,
      0,
      0,
      0,
      0,
      0,
      0,
      0,
      0,
      0,
      0,
      0,
      0,
      0,
      0,
      0,
      0,
      0,
      0,
      0,
      0,
      0,
      0,
      0,
      0,
      0,
      0
